Latitude, Longitude, Altitude, Timestamp
31.79290771484375, 35.243240270519514, 814.3932495117188, 2019-12-23 15:12:26 +0000
31.792917568942237, 35.243512749323116, 814.493408203125, 2019-12-23 15:12:27 +0000
31.792917568942237, 35.243512749323116, 814.493408203125, 2019-12-23 15:12:27 +0000
31.792828742379854, 35.243890833164265, 814.493408203125, 2019-12-23 15:12:39 +0000
31.793074371706318, 35.2430771594979, 814.4772338867188, 2019-12-23 15:12:43 +0000
31.793074371706318, 35.2430771594979, 814.4772338867188, 2019-12-23 15:12:43 +0000
31.793166024453996, 35.2428056211669, 812.108642578125, 2019-12-23 15:12:55 +0000
31.793166024453996, 35.2428056211669, 812.108642578125, 2019-12-23 15:12:55 +0000
31.793166845517646, 35.24280268415463, 811.0897827148438, 2019-12-23 15:13:03 +0000
31.793166067747265, 35.242805169301405, 810.6373901367188, 2019-12-23 15:13:07 +0000
31.793166067747265, 35.242805169301405, 810.6373901367188, 2019-12-23 15:13:07 +0000
31.793166067747265, 35.242805169301405, 810.6373901367188, 2019-12-23 15:13:07 +0000
31.793166067747265, 35.242805169301405, 810.6373901367188, 2019-12-23 15:13:07 +0000
31.79308013739311, 35.24294349432699, 811.4428100585938, 2019-12-23 15:13:29 +0000
31.792780940330502, 35.243425027345154, 814.9148559570312, 2019-12-23 15:13:34 +0000
31.792536620286377, 35.24382243195246, 814.8920288085938, 2019-12-23 15:13:40 +0000
31.79273009789783, 35.243501243109186, 816.0580444335938, 2019-12-23 15:13:44 +0000
31.79273009789783, 35.243501243109186, 816.0580444335938, 2019-12-23 15:13:44 +0000
31.793160286310417, 35.242809997674634, 813.6131591796875, 2019-12-23 15:13:55 +0000
31.793160286310417, 35.242809997674634, 813.6131591796875, 2019-12-23 15:13:55 +0000
31.79309234234462, 35.2429075856518, 813.37841796875, 2019-12-23 15:14:01 +0000
31.79309234234462, 35.2429075856518, 813.37841796875, 2019-12-23 15:14:01 +0000
31.79309234234462, 35.2429075856518, 813.37841796875, 2019-12-23 15:14:01 +0000
31.792876449549585, 35.243222963152, 813.37841796875, 2019-12-23 15:14:20 +0000
31.792876449549585, 35.243222963152, 813.37841796875, 2019-12-23 15:14:20 +0000
31.792876449549585, 35.243222963152, 813.37841796875, 2019-12-23 15:14:20 +0000
31.792876449549585, 35.243222963152, 813.37841796875, 2019-12-23 15:14:20 +0000
31.792709212739886, 35.243544532097175, 813.3300170898438, 2019-12-23 15:14:37 +0000
31.792709212739886, 35.243544532097175, 813.3300170898438, 2019-12-23 15:14:37 +0000
31.792709212739886, 35.243544532097175, 813.3300170898438, 2019-12-23 15:14:37 +0000
31.792603603425082, 35.24372027065843, 813.3300170898438, 2019-12-23 15:14:52 +0000
31.792554533757137, 35.24380192475939, 813.3300170898438, 2019-12-23 15:15:01 +0000
31.793074463762345, 35.243141745125854, 815.3972778320312, 2019-12-23 15:15:06 +0000
31.793053659264107, 35.24316778746107, 815.3934936523438, 2019-12-23 15:15:10 +0000
31.793040986343414, 35.24317339997706, 815.389404296875, 2019-12-23 15:15:12 +0000
31.793776879000394, 35.24250697693702, 729.9787925720215, 2019-12-23 15:15:20 +0000
31.79366764868898, 35.242501956813385, 810.0161728085036, 2019-12-23 15:15:25 +0000
31.793684341025195, 35.24252822976142, 813.4493257781983, 2019-12-23 15:15:30 +0000
31.793694515547152, 35.24249782416014, 813.1895853297827, 2019-12-23 15:15:35 +0000
31.793707241973088, 35.242443663488615, 812.8605514555228, 2019-12-23 15:15:40 +0000
31.793841531579385, 35.242172338729134, 811.2996804393539, 2019-12-23 15:15:45 +0000
31.79400234007465, 35.24186482665553, 808.8876989816448, 2019-12-23 15:15:50 +0000
31.794209186709164, 35.24176734135407, 808.9305027933488, 2019-12-23 15:15:55 +0000
31.794609414797968, 35.24189599655789, 810.4003975750246, 2019-12-23 15:16:00 +0000
31.794848096520976, 35.24229866312883, 811.3558336960915, 2019-12-23 15:16:05 +0000
31.79494044957948, 35.242532556707204, 812.8965091733043, 2019-12-23 15:16:10 +0000
31.79493388334271, 35.242546260002044, 813.1276170318414, 2019-12-23 15:16:15 +0000
31.795308963394728, 35.242117997873784, 813.1495320522705, 2019-12-23 15:16:20 +0000
31.79576242079874, 35.242079421671306, 813.2375916464207, 2019-12-23 15:16:25 +0000
31.795914671243192, 35.24197632365618, 813.8960718745508, 2019-12-23 15:16:30 +0000
31.795969232748437, 35.24193937674996, 814.0561545006128, 2019-12-23 15:16:35 +0000
31.795967549236657, 35.24192003656625, 813.8136170932604, 2019-12-23 15:16:40 +0000
31.79599001020549, 35.24192530707293, 813.8488240587554, 2019-12-23 15:16:45 +0000
31.796017074510495, 35.24190698018964, 813.7339382443773, 2019-12-23 15:16:50 +0000
31.79606077871205, 35.24187738542261, 813.5125352550929, 2019-12-23 15:16:55 +0000
31.79613266795214, 35.24182376633763, 813.1658681713502, 2019-12-23 15:17:00 +0000
31.796263659675166, 35.24171171419586, 813.1518823114908, 2019-12-23 15:17:05 +0000
31.796551919481036, 35.241410592433596, 813.1518821716322, 2019-12-23 15:17:10 +0000
31.79690498501092, 35.240912424031585, 809.6989389526368, 2019-12-23 15:17:15 +0000
31.797268711988405, 35.24030839256164, 803.194516713854, 2019-12-23 15:17:20 +0000
31.797656566528985, 35.2396879263725, 797.1016609591824, 2019-12-23 15:17:25 +0000
31.79787710517209, 35.238901364873406, 792.4046687806248, 2019-12-23 15:17:30 +0000
31.79805262791537, 35.23822263429014, 790.3992044736669, 2019-12-23 15:17:35 +0000
31.79812359456993, 35.23793774990737, 791.5003097876761, 2019-12-23 15:17:40 +0000
31.798133761980896, 35.23788989820186, 791.6928492557605, 2019-12-23 15:17:45 +0000
31.79812713323217, 35.23792109561611, 791.6239942652617, 2019-12-23 15:17:50 +0000
31.798134283207055, 35.23788744511317, 791.4999482861845, 2019-12-23 15:17:55 +0000
31.798136512638614, 35.23787695255978, 791.7166368278292, 2019-12-23 15:18:00 +0000
31.79813547107577, 35.237571585688954, 791.6069206286256, 2019-12-23 15:18:05 +0000
31.79796533980906, 35.23737283563203, 790.2397055757752, 2019-12-23 15:18:10 +0000
31.797819456025714, 35.23707754503221, 788.7225304497672, 2019-12-23 15:18:15 +0000
31.79763800706141, 35.23689063010256, 786.3229698464975, 2019-12-23 15:18:20 +0000
31.797431652727035, 35.236678059553924, 783.2908138532108, 2019-12-23 15:18:25 +0000
31.797103886679885, 35.23662251452587, 780.1630469520609, 2019-12-23 15:18:30 +0000
31.797026761110455, 35.236260970989555, 778.4066042498314, 2019-12-23 15:18:35 +0000
31.796834996963224, 35.236060632614375, 777.0083723110147, 2019-12-23 15:18:40 +0000
31.796659240710042, 35.23587674384069, 775.3062856950285, 2019-12-23 15:18:45 +0000
31.79648516433338, 35.23568121798634, 773.6824708488448, 2019-12-23 15:18:50 +0000
31.79645396937621, 35.23564616578942, 772.9125251771027, 2019-12-23 15:18:55 +0000
31.79643006994716, 35.235619311208765, 772.5868126906586, 2019-12-23 15:19:00 +0000
31.796411467897002, 35.23559840902507, 772.2617941539927, 2019-12-23 15:19:05 +0000
31.796395479571878, 35.235580443752106, 772.0559883751208, 2019-12-23 15:19:10 +0000
31.796278895855142, 35.23546364387457, 771.3179106707007, 2019-12-23 15:19:15 +0000
31.79606976700482, 35.23518570750811, 770.0130776978826, 2019-12-23 15:19:20 +0000
31.79590841554967, 35.234996028836015, 769.5634977525802, 2019-12-23 15:19:25 +0000
31.795870728782432, 35.23495158736767, 769.5205947106382, 2019-12-23 15:19:30 +0000
31.795710442377175, 35.23476257239696, 769.1251020147622, 2019-12-23 15:19:35 +0000
31.795452616806482, 35.234458536052685, 768.0867902796838, 2019-12-23 15:19:40 +0000
31.79516719202932, 35.234479425335024, 769.006213650839, 2019-12-23 15:19:45 +0000
31.794862448475488, 35.234469993430864, 768.990596106181, 2019-12-23 15:19:50 +0000
31.794398429624106, 35.23459916397117, 768.9721441482477, 2019-12-23 15:19:55 +0000
31.793965751969118, 35.234486238682734, 770.0611405195143, 2019-12-23 15:20:00 +0000
31.79350832908184, 35.23420118305773, 771.489444614434, 2019-12-23 15:20:05 +0000
31.793046727019128, 35.233819722859145, 771.5207778537739, 2019-12-23 15:20:10 +0000
31.792896878685337, 35.23324772207788, 768.1269765661541, 2019-12-23 15:20:15 +0000
31.7929154208352, 35.23267229107541, 763.6815344012125, 2019-12-23 15:20:20 +0000
31.792885327537928, 35.232046825951876, 761.2572833562147, 2019-12-23 15:20:25 +0000
31.7928360236311, 35.23165066875345, 760.7789255547442, 2019-12-23 15:20:30 +0000
31.792752475276878, 35.23130821435529, 759.6845710061516, 2019-12-23 15:20:35 +0000
31.792600979909672, 35.23097038153024, 757.849167018783, 2019-12-23 15:20:40 +0000
31.79259873081433, 35.230901829563315, 756.9192637373748, 2019-12-23 15:20:45 +0000
31.79259873081433, 35.23087906753663, 756.4910007597532, 2019-12-23 15:20:50 +0000
31.79262836842258, 35.2306323111462, 755.3507980237542, 2019-12-23 15:20:55 +0000
31.792774978812712, 35.23000837460182, 755.7089557061996, 2019-12-23 15:21:00 +0000
31.792877139309972, 35.22953822135678, 755.2616540418047, 2019-12-23 15:21:05 +0000
31.79287871481826, 35.22937613579067, 755.1126100796523, 2019-12-23 15:21:10 +0000
31.792878490909214, 35.22936810135506, 755.1282070767614, 2019-12-23 15:21:15 +0000
31.792877846998874, 35.229344996186924, 755.0251797382247, 2019-12-23 15:21:20 +0000
31.792875766433447, 35.22927034011893, 754.850865006169, 2019-12-23 15:21:25 +0000
31.792875156207426, 35.22924844363133, 754.6896052356781, 2019-12-23 15:21:30 +0000
31.792874792164767, 35.22923538083923, 754.4894362347746, 2019-12-23 15:21:35 +0000
31.792875111200196, 35.229246828655455, 754.5098672708043, 2019-12-23 15:21:40 +0000
31.792874989516882, 35.229242462343485, 754.3903206025561, 2019-12-23 15:21:45 +0000
31.792793999620834, 35.22916524824753, 753.6025311972505, 2019-12-23 15:21:50 +0000
31.792648732124864, 35.229120521947145, 752.3936219674277, 2019-12-23 15:21:55 +0000
31.792519146928633, 35.229071971018556, 751.4590528611235, 2019-12-23 15:22:00 +0000
31.792331395144764, 35.22900101333635, 750.887167458914, 2019-12-23 15:22:05 +0000
31.792165373078003, 35.228940511536585, 750.7660851641322, 2019-12-23 15:22:10 +0000
31.7920564361338, 35.228902905950385, 750.0091989661266, 2019-12-23 15:22:15 +0000
31.79200721494717, 35.22888521152142, 749.3805402876455, 2019-12-23 15:22:20 +0000
31.791962648755536, 35.228868964444324, 749.0205097597257, 2019-12-23 15:22:25 +0000
31.79182120649678, 35.22882163593023, 749.4691170151333, 2019-12-23 15:22:30 +0000
31.79184241581541, 35.22882975307662, 749.711928614243, 2019-12-23 15:22:35 +0000
31.791837798510382, 35.22882798595994, 749.6466889909674, 2019-12-23 15:22:40 +0000
31.79183916612941, 35.22882850936967, 749.6568928905731, 2019-12-23 15:22:45 +0000
31.791849972682435, 35.22883264521082, 749.6007004730808, 2019-12-23 15:22:50 +0000
31.791841396883115, 35.22882936311489, 749.6187865163812, 2019-12-23 15:22:55 +0000
31.79178363165561, 35.2288072554359, 749.9444485331792, 2019-12-23 15:23:00 +0000
31.791784212266737, 35.22880747764509, 750.4022285720259, 2019-12-23 15:23:05 +0000
31.791783877843383, 35.22880734965591, 750.4022285720259, 2019-12-23 15:23:10 +0000
31.79178364510005, 35.228807260581306, 750.4022285720259, 2019-12-23 15:23:15 +0000
31.7917174452406, 35.22878592802437, 750.595240061564, 2019-12-23 15:23:20 +0000
31.791712945130968, 35.22878425860281, 750.5885159582372, 2019-12-23 15:23:25 +0000
31.791683716279234, 35.22877341547245, 750.6209323320361, 2019-12-23 15:23:30 +0000
31.79140750997342, 35.228721546723435, 750.7920049352526, 2019-12-23 15:23:35 +0000
31.790964413788227, 35.22876561069832, 752.2385171769845, 2019-12-23 15:23:40 +0000
31.79069340474856, 35.22880948589094, 753.2543691952075, 2019-12-23 15:23:45 +0000
31.790564115268648, 35.22883042844619, 754.049751585173, 2019-12-23 15:23:50 +0000
31.79041244213314, 35.22885499674844, 755.487860337947, 2019-12-23 15:23:55 +0000
31.790335835137316, 35.22886740569496, 756.3043085105385, 2019-12-23 15:24:00 +0000
31.790335370551603, 35.22886748094943, 756.9079402205525, 2019-12-23 15:24:05 +0000
31.790254189658597, 35.2288380357591, 757.17628632706, 2019-12-23 15:24:10 +0000
31.790244035233442, 35.2288343024537, 757.414550815941, 2019-12-23 15:24:15 +0000
31.79018978893084, 35.22880910144479, 757.6881968527607, 2019-12-23 15:24:20 +0000
31.78998849844254, 35.22904228215141, 758.572632736804, 2019-12-23 15:24:25 +0000
31.789659953591578, 35.22896939775954, 760.3583505930037, 2019-12-23 15:24:30 +0000
31.789264799354925, 35.22887604752375, 763.0877469572623, 2019-12-23 15:24:35 +0000
31.788736138433794, 35.22871469911426, 765.9619725636039, 2019-12-23 15:24:40 +0000
31.78819073077152, 35.22917135877226, 768.759859601148, 2019-12-23 15:24:45 +0000
31.787942942815242, 35.22945703846176, 771.5934738043836, 2019-12-23 15:24:50 +0000
31.787781001330035, 35.229631987291164, 771.5939598034895, 2019-12-23 15:24:55 +0000
31.787560291831596, 35.22983351858083, 771.5939598083495, 2019-12-23 15:25:00 +0000
31.78730770534005, 35.230040756633485, 771.5654502868653, 2019-12-23 15:25:05 +0000
31.787114008679985, 35.230173935165126, 770.9351764421997, 2019-12-23 15:25:10 +0000
31.786937496912067, 35.230374633318625, 771.0309551498372, 2019-12-23 15:25:15 +0000
31.78674625077082, 35.230551094111306, 770.8202365598949, 2019-12-23 15:25:20 +0000
31.7865291412334, 35.230716909467844, 770.955002322582, 2019-12-23 15:25:25 +0000
31.786382155279178, 35.230774515399624, 771.295340559888, 2019-12-23 15:25:30 +0000
31.786354348424354, 35.230686651363875, 771.5649196218397, 2019-12-23 15:25:35 +0000
31.786344437697668, 35.230663099621054, 771.5912139960972, 2019-12-23 15:25:40 +0000
31.786326709508057, 35.23062002666399, 771.593700580452, 2019-12-23 15:25:45 +0000
31.786283486135904, 35.23051635513846, 771.5939591905229, 2019-12-23 15:25:50 +0000
31.786234055076612, 35.2303464062648, 771.5939598083434, 2019-12-23 15:25:55 +0000
31.78617325259153, 35.230094667618985, 771.5939598083496, 2019-12-23 15:26:00 +0000
31.786072534311337, 35.2298013161839, 771.5939598083496, 2019-12-23 15:26:05 +0000
31.785833186165007, 35.22942823954623, 771.5939598083496, 2019-12-23 15:26:10 +0000
31.78572321845409, 35.229164156402575, 772.9797881744385, 2019-12-23 15:26:15 +0000
31.78566313331588, 35.22901986430035, 773.6057160634839, 2019-12-23 15:26:20 +0000
31.785574823726677, 35.2287517082535, 773.6656208054288, 2019-12-23 15:26:25 +0000
31.78542897842972, 35.22847219810351, 773.724538017025, 2019-12-23 15:26:30 +0000
31.785345110353266, 35.22845574357397, 774.4731739815634, 2019-12-23 15:26:35 +0000
31.785288366923705, 35.22840707328143, 775.0940456714142, 2019-12-23 15:26:40 +0000
31.78529592768044, 35.22837631748164, 775.3779948818401, 2019-12-23 15:26:45 +0000
31.7853098613902, 35.22836019478987, 775.5439012186466, 2019-12-23 15:26:50 +0000
31.78531244185698, 35.228358557488214, 775.557842198999, 2019-12-23 15:26:55 +0000
31.785316582237158, 35.22835422850056, 775.573848209991, 2019-12-23 15:27:00 +0000
31.785314699300734, 35.22835261545542, 775.6050238943429, 2019-12-23 15:27:05 +0000
31.78531259001135, 35.228354687836585, 775.5919076728967, 2019-12-23 15:27:10 +0000
31.785310936742835, 35.22835470206981, 775.5914840517444, 2019-12-23 15:27:15 +0000
31.78529983996309, 35.22836686509338, 775.5005085604475, 2019-12-23 15:27:20 +0000
31.785266735379984, 35.22832152190442, 775.6939645238615, 2019-12-23 15:27:25 +0000
31.78524731044617, 35.22830758493966, 775.5448962899641, 2019-12-23 15:27:30 +0000
31.78524734234314, 35.22830852751821, 775.5422744941061, 2019-12-23 15:27:35 +0000
31.78524765842528, 35.22831131767536, 775.5445321088793, 2019-12-23 15:27:40 +0000
31.785247493902812, 35.22831356047673, 775.5389231055766, 2019-12-23 15:27:45 +0000
31.78522589610321, 35.228259695560084, 775.4660183857902, 2019-12-23 15:27:50 +0000
31.78521537780511, 35.22823428215139, 775.4510428245896, 2019-12-23 15:27:55 +0000
31.785215015236357, 35.22823394284769, 775.4481098855274, 2019-12-23 15:28:00 +0000
31.785214219782244, 35.22823157503633, 775.4498538314178, 2019-12-23 15:28:05 +0000
31.785209813858085, 35.228232615074525, 775.4283792248337, 2019-12-23 15:28:10 +0000
31.785202109539668, 35.228221064510386, 775.4118007837693, 2019-12-23 15:28:15 +0000
31.78514608844869, 35.22810768435286, 775.4668910879557, 2019-12-23 15:28:20 +0000
31.785082540807867, 35.22799149823045, 775.7497039331703, 2019-12-23 15:28:25 +0000
31.78500936420575, 35.22789333064736, 775.7497825614696, 2019-12-23 15:28:30 +0000
31.785005327954934, 35.22787950099064, 775.7497825622559, 2019-12-23 15:28:35 +0000
31.785005120722236, 35.22787635284099, 775.7497825622559, 2019-12-23 15:28:40 +0000
31.7850040652027, 35.22787386011225, 775.7497825622559, 2019-12-23 15:28:45 +0000
31.785003834905652, 35.2278731582523, 775.7497825622559, 2019-12-23 15:28:50 +0000
31.785003069957174, 35.2278667602175, 775.7497825622559, 2019-12-23 15:28:55 +0000
31.785008447619646, 35.227859000483235, 775.7497825622559, 2019-12-23 15:29:00 +0000
31.785007379883574, 35.227857422309384, 775.7497825622559, 2019-12-23 15:29:05 +0000
31.78499771322314, 35.22780834009056, 775.7497825622559, 2019-12-23 15:29:10 +0000
31.78498659167952, 35.22777057525014, 775.7497185064698, 2019-12-23 15:29:15 +0000
31.78501288809253, 35.22771015040504, 775.7500022881778, 2019-12-23 15:29:20 +0000
31.785234830795513, 35.227539057057875, 776.5700282163085, 2019-12-23 15:29:25 +0000
31.785751978834643, 35.22732790792692, 777.8275997039214, 2019-12-23 15:29:30 +0000
31.786449910042833, 35.22718986627006, 777.8385398858375, 2019-12-23 15:29:35 +0000
31.787216611157096, 35.22703600925896, 776.2739626203613, 2019-12-23 15:29:40 +0000
31.7878872526811, 35.22689126772806, 771.2907692579139, 2019-12-23 15:29:45 +0000
31.788246077359666, 35.22681276774552, 767.4373566763464, 2019-12-23 15:29:50 +0000
31.788390752575875, 35.2267853910922, 765.4916463856289, 2019-12-23 15:29:55 +0000
31.78848189735447, 35.22676972840977, 764.7499825327741, 2019-12-23 15:30:00 +0000
31.788548070770283, 35.22675838210687, 763.956977799241, 2019-12-23 15:30:05 +0000
31.788584948633886, 35.22675225144057, 763.6371555393596, 2019-12-23 15:30:10 +0000
31.7885985636952, 35.226749988039465, 763.4345647746087, 2019-12-23 15:30:15 +0000
31.788608385115115, 35.22674835530258, 763.3055975277538, 2019-12-23 15:30:20 +0000
31.788697458176326, 35.22673600454679, 763.1127025131057, 2019-12-23 15:30:25 +0000
31.788927707468996, 35.22670927267575, 761.7757276831546, 2019-12-23 15:30:30 +0000
31.788986273916127, 35.226702473129514, 760.6735133942168, 2019-12-23 15:30:35 +0000
31.789048456539355, 35.22669651772775, 760.2239054494665, 2019-12-23 15:30:40 +0000
31.789058333394173, 35.22669560474395, 759.927288369769, 2019-12-23 15:30:45 +0000
31.789036698251273, 35.22669760462502, 760.0905033314546, 2019-12-23 15:30:50 +0000
31.789080443486405, 35.22669356096014, 759.9560474904597, 2019-12-23 15:30:55 +0000
31.789110684907822, 35.22669076554315, 759.6463157107205, 2019-12-23 15:31:00 +0000
31.78911826011747, 35.226690065315815, 759.5085935411372, 2019-12-23 15:31:05 +0000
31.78912647942756, 35.226689305549975, 759.489527044115, 2019-12-23 15:31:10 +0000
31.78913756980282, 35.22668828039236, 759.3641799138861, 2019-12-23 15:31:15 +0000
31.789122998874053, 35.22668962728083, 759.3664057161171, 2019-12-23 15:31:20 +0000
31.78911268157232, 35.22669058097809, 759.4837937480186, 2019-12-23 15:31:25 +0000
31.789112919905744, 35.22669055894733, 759.4837937480186, 2019-12-23 15:31:30 +0000
31.789104391908747, 35.226691347247176, 759.5746574276512, 2019-12-23 15:31:35 +0000
31.789126513990134, 35.22668930235512, 759.4524509300231, 2019-12-23 15:31:40 +0000
31.78919281555843, 35.22668384418701, 759.2692391458244, 2019-12-23 15:31:45 +0000
31.78916953046666, 35.226685587486415, 759.1402783549663, 2019-12-23 15:31:50 +0000
31.789155559542106, 35.22668663345629, 759.186511104665, 2019-12-23 15:31:55 +0000
31.78914727561504, 35.22668738321917, 759.2523414638431, 2019-12-23 15:32:00 +0000
31.789107495433527, 35.22669106036761, 759.4194960503694, 2019-12-23 15:32:05 +0000
31.789124184053012, 35.226689517726804, 759.5115288962315, 2019-12-23 15:32:10 +0000
31.789160717815744, 35.22668624726862, 759.3295689830879, 2019-12-23 15:32:15 +0000
31.789183638071638, 35.2266845312836, 759.1510128049732, 2019-12-23 15:32:20 +0000
31.78916381296712, 35.226686015542, 759.1378720787087, 2019-12-23 15:32:25 +0000
31.789164648475218, 35.2266859529895, 759.1665524877099, 2019-12-23 15:32:30 +0000
31.789165157600006, 35.22668591487253, 759.1665524877099, 2019-12-23 15:32:35 +0000
31.78916430698577, 35.226685978556, 759.1665524877099, 2019-12-23 15:32:40 +0000
31.789177163325867, 35.22668501603241, 759.151240849389, 2019-12-23 15:32:45 +0000
31.78919306153802, 35.2266838257711, 759.1290995693925, 2019-12-23 15:32:50 +0000
31.789199918961508, 35.22668331237212, 759.126872227008, 2019-12-23 15:32:55 +0000
31.78921183615574, 35.226682420160145, 759.1266747145002, 2019-12-23 15:33:00 +0000
31.789250514508005, 35.226679524403956, 759.1266136175543, 2019-12-23 15:33:05 +0000
31.789435772063314, 35.22666565461164, 759.1266136169434, 2019-12-23 15:33:10 +0000
31.78953016370739, 35.226658587733866, 758.5912743469239, 2019-12-23 15:33:15 +0000
31.78964947514652, 35.22667158215013, 757.8644983007821, 2019-12-23 15:33:20 +0000
31.7896984950868, 35.22668758868264, 757.4391283242815, 2019-12-23 15:33:25 +0000
31.78971725160791, 35.22669139985578, 757.1583410884039, 2019-12-23 15:33:30 +0000
31.78971418113061, 35.22667486136155, 757.1300869652239, 2019-12-23 15:33:35 +0000
31.78964257148059, 35.22666182007819, 757.3959846569259, 2019-12-23 15:33:40 +0000
31.78962442944189, 35.2266612864811, 757.6934329213716, 2019-12-23 15:33:45 +0000
31.78963731210274, 35.22666166538837, 757.7186300566208, 2019-12-23 15:33:50 +0000
31.78961490112665, 35.226661006232476, 757.7958290555405, 2019-12-23 15:33:55 +0000
31.78962896208615, 35.226661419796095, 757.7856047310948, 2019-12-23 15:34:00 +0000
31.789632622936015, 35.2266615274697, 757.7434902703311, 2019-12-23 15:34:05 +0000
31.789618024363758, 35.22666109809372, 757.7363669237714, 2019-12-23 15:34:10 +0000
31.789620648291766, 35.22666117526919, 757.8120315620106, 2019-12-23 15:34:15 +0000
31.78962185000841, 35.226614822950886, 757.8231096630174, 2019-12-23 15:34:20 +0000
31.78962882980781, 35.22660592490719, 757.7497415749458, 2019-12-23 15:34:25 +0000
31.789619755263764, 35.226592956191, 757.8016003474904, 2019-12-23 15:34:30 +0000
31.78961882666221, 35.22657919153929, 757.8219390423478, 2019-12-23 15:34:35 +0000
31.78963653002451, 35.22658430322524, 757.7096153236156, 2019-12-23 15:34:40 +0000
31.789764214338508, 35.22660678549422, 757.0284129674683, 2019-12-23 15:34:45 +0000
31.7898274278068, 35.22651252116819, 756.5021957001225, 2019-12-23 15:34:50 +0000
31.789666637200487, 35.226572270388196, 757.1758249966656, 2019-12-23 15:34:55 +0000
31.789414503118305, 35.22667094600833, 758.8649505189693, 2019-12-23 15:35:00 +0000
31.78869691189794, 35.22646057546744, 761.7969204485546, 2019-12-23 15:35:05 +0000
31.788230173890327, 35.226521986089, 765.2184454744306, 2019-12-23 15:35:10 +0000
31.787903909744312, 35.226588499644876, 767.4200172604817, 2019-12-23 15:35:15 +0000
31.787617087494027, 35.22664697241304, 769.2680649439242, 2019-12-23 15:35:20 +0000
31.787372495238564, 35.226698167575464, 771.1897994650504, 2019-12-23 15:35:25 +0000
31.787323956677305, 35.22670833913773, 772.480160745384, 2019-12-23 15:35:30 +0000
31.787375390772485, 35.22669756079803, 772.3986874710182, 2019-12-23 15:35:35 +0000
31.787400862910694, 35.22669222295049, 772.1595809031116, 2019-12-23 15:35:40 +0000
31.787393878155545, 35.22669368665007, 772.0562506568212, 2019-12-23 15:35:45 +0000
31.787284838933992, 35.226716536508064, 772.520854540511, 2019-12-23 15:35:50 +0000
31.7871474143902, 35.22675040440237, 773.4063672035177, 2019-12-23 15:35:55 +0000
31.78706540406625, 35.22677200468499, 774.285910292653, 2019-12-23 15:36:00 +0000
31.787027426169704, 35.22678200749024, 774.7086775646465, 2019-12-23 15:36:05 +0000
31.78699805450249, 35.226789743544465, 774.9814184372166, 2019-12-23 15:36:10 +0000
31.78694857399893, 35.22680277596294, 775.2492272498304, 2019-12-23 15:36:15 +0000
31.786855894640162, 35.226825667046846, 775.7728723510143, 2019-12-23 15:36:20 +0000
31.786731723452565, 35.2268560183686, 776.5647979201069, 2019-12-23 15:36:25 +0000
31.78656426164357, 35.22689695127216, 777.5929782686368, 2019-12-23 15:36:30 +0000
31.78643502623145, 35.22692854044877, 777.8050954918936, 2019-12-23 15:36:35 +0000
31.786323511103376, 35.22695579823375, 777.8584855262739, 2019-12-23 15:36:40 +0000
31.786271815259617, 35.22696843431478, 778.0320191393978, 2019-12-23 15:36:45 +0000
31.786261281363654, 35.226971009128405, 778.2196056159449, 2019-12-23 15:36:50 +0000
31.78626123428547, 35.22697102063578, 778.3608583609503, 2019-12-23 15:36:55 +0000
31.78602337040682, 35.22713686776885, 778.4927890782873, 2019-12-23 15:37:00 +0000
31.78605602691128, 35.22708574353853, 778.5467949459344, 2019-12-23 15:37:05 +0000
31.785900135239224, 35.22712305241334, 778.5774232154852, 2019-12-23 15:37:10 +0000
31.785861020605303, 35.227132406916766, 778.4529328619778, 2019-12-23 15:37:15 +0000
31.78581868165492, 35.227142532533776, 778.4645039559414, 2019-12-23 15:37:20 +0000
31.785757016181485, 35.22713461206559, 778.4739765386934, 2019-12-23 15:37:25 +0000
31.785696764011245, 35.22715032844898, 778.3659672565882, 2019-12-23 15:37:30 +0000
31.785563300758508, 35.227153073692996, 778.3931513785217, 2019-12-23 15:37:35 +0000
31.785430983015257, 35.22718393264156, 778.1907715331754, 2019-12-23 15:37:40 +0000
31.785313000153764, 35.227216526366924, 777.944832523293, 2019-12-23 15:37:45 +0000
31.785167510978894, 35.22724134248674, 777.7954883738395, 2019-12-23 15:37:50 +0000
31.785078569549718, 35.22725460416057, 777.6767110063746, 2019-12-23 15:37:55 +0000
31.78499716742587, 35.22726973449372, 777.4524919023411, 2019-12-23 15:38:00 +0000
31.78501426193104, 35.22729101388353, 777.3548636927428, 2019-12-23 15:38:05 +0000
31.785024232454127, 35.227275415537655, 777.4324113230281, 2019-12-23 15:38:10 +0000
31.785024138955688, 35.227275430644426, 777.4803259858335, 2019-12-23 15:38:15 +0000
31.784943776952232, 35.227298361220235, 777.0641745014792, 2019-12-23 15:38:20 +0000
31.78485893078116, 35.22729413670972, 776.5564258752427, 2019-12-23 15:38:25 +0000
31.784807833060594, 35.22726219339549, 776.3238512506372, 2019-12-23 15:38:30 +0000
31.784773678103154, 35.22726970590588, 776.1805970663704, 2019-12-23 15:38:35 +0000
31.784720582571367, 35.227288035446556, 775.756720221231, 2019-12-23 15:38:40 +0000
31.784678517647592, 35.22729151228315, 775.6934959482828, 2019-12-23 15:38:45 +0000
31.784676474346877, 35.22728725363841, 775.666616451294, 2019-12-23 15:38:50 +0000
31.784659412730672, 35.2272783078732, 775.6588584391607, 2019-12-23 15:38:55 +0000
31.78462238200817, 35.22723580942002, 775.6876129664911, 2019-12-23 15:39:00 +0000
31.78462238200817, 35.22723580942002, 775.6876129664911, 2019-12-23 15:39:05 +0000
31.78460990344272, 35.227214232984316, 775.7132225036595, 2019-12-23 15:39:10 +0000
31.78458436182756, 35.22722022095605, 775.7839233813477, 2019-12-23 15:39:15 +0000
31.784487706329987, 35.22722167396483, 775.713291117165, 2019-12-23 15:39:20 +0000
31.78437383590654, 35.2272016005275, 775.3877531873317, 2019-12-23 15:39:25 +0000
31.78427417780826, 35.227204657323846, 774.6320578567571, 2019-12-23 15:39:30 +0000
31.784235824072635, 35.2272144919603, 774.2455120881339, 2019-12-23 15:39:35 +0000
31.784201681465124, 35.2271996600698, 774.0251114941605, 2019-12-23 15:39:40 +0000
31.784173508372557, 35.22719324054776, 773.8026018408137, 2019-12-23 15:39:45 +0000
31.784123641211234, 35.227198376211206, 773.6719076131537, 2019-12-23 15:39:50 +0000
31.78407745348358, 35.22717535646094, 773.67190170294, 2019-12-23 15:39:55 +0000
31.783985704334597, 35.2271770980433, 773.6719017028809, 2019-12-23 15:40:00 +0000
31.783787541480923, 35.227171591520566, 773.3207072448731, 2019-12-23 15:40:05 +0000
31.78352456213658, 35.22716472245385, 771.3815577618591, 2019-12-23 15:40:10 +0000
31.78335888927895, 35.22716217216871, 770.2390158087188, 2019-12-23 15:40:15 +0000
31.783287391737684, 35.22717258104946, 769.858794219725, 2019-12-23 15:40:20 +0000
31.78321820502411, 35.22717101864908, 769.7821205304242, 2019-12-23 15:40:25 +0000
31.783183275143756, 35.22717147444272, 769.6895560326083, 2019-12-23 15:40:30 +0000
31.78316719329302, 35.22717929333613, 769.6585986280813, 2019-12-23 15:40:35 +0000
31.78316109289018, 35.22719702192593, 769.6014582886, 2019-12-23 15:40:40 +0000
31.78317927657923, 35.22720813570046, 769.5666331389497, 2019-12-23 15:40:45 +0000
31.783182684793495, 35.22720634054507, 769.5654681578666, 2019-12-23 15:40:50 +0000
31.783177055565638, 35.22720416593577, 769.5710655211903, 2019-12-23 15:40:55 +0000
31.783168073232087, 35.22720055928374, 769.5886116106568, 2019-12-23 15:41:00 +0000
31.7831453226858, 35.22720872916314, 769.5519924758149, 2019-12-23 15:41:05 +0000
31.783138849112365, 35.22719404023323, 769.5719884298139, 2019-12-23 15:41:10 +0000
31.783132545681212, 35.22718318296766, 769.5980957214483, 2019-12-23 15:41:15 +0000
31.783119773635697, 35.227182226617735, 769.5890069383317, 2019-12-23 15:41:20 +0000
31.78310505849064, 35.22718744383736, 769.570576166902, 2019-12-23 15:41:25 +0000
31.7831208371362, 35.22719261386717, 769.5726969316909, 2019-12-23 15:41:30 +0000
31.783110573031887, 35.22718997971841, 769.5641047269464, 2019-12-23 15:41:35 +0000
31.783116134282487, 35.227198515126474, 769.5580572716397, 2019-12-23 15:41:40 +0000
31.783101149786, 35.22718508624617, 769.5697705101152, 2019-12-23 15:41:45 +0000
31.78303356136024, 35.227172375890106, 769.4918802140396, 2019-12-23 15:41:50 +0000
31.782960251305543, 35.22716522342196, 768.9438939016894, 2019-12-23 15:41:55 +0000
31.782937894252687, 35.22716939830916, 768.6049377595948, 2019-12-23 15:42:00 +0000
31.782968438716775, 35.22716540680567, 768.7958637340471, 2019-12-23 15:42:05 +0000
31.782973233858435, 35.227161195910796, 768.8457545208704, 2019-12-23 15:42:10 +0000
31.782969497098634, 35.22718188723326, 768.8865503212918, 2019-12-23 15:42:15 +0000
31.782949049840706, 35.22719043291082, 768.8058746721209, 2019-12-23 15:42:20 +0000
31.782906165043794, 35.22723146180337, 768.4114920636066, 2019-12-23 15:42:25 +0000
31.782895614042786, 35.2272463240603, 768.2640856594535, 2019-12-23 15:42:30 +0000
31.782887763235983, 35.22725226619752, 768.2375059889782, 2019-12-23 15:42:35 +0000
31.78289916737237, 35.227255147796136, 768.280523696204, 2019-12-23 15:42:40 +0000
31.78278749865711, 35.227302620799826, 767.6517103861468, 2019-12-23 15:42:45 +0000
31.782763051305473, 35.2273089417655, 767.4091722968662, 2019-12-23 15:42:50 +0000
31.782765375418283, 35.22730597407851, 767.4129085189462, 2019-12-23 15:42:55 +0000
31.782764230812834, 35.22729345614073, 767.4068346824071, 2019-12-23 15:43:00 +0000
31.782763774722095, 35.22730660347027, 767.4268128308972, 2019-12-23 15:43:05 +0000
31.782704261372665, 35.22736523513023, 767.2362178982323, 2019-12-23 15:43:10 +0000
31.782700686315152, 35.22737567675216, 767.133216815037, 2019-12-23 15:43:15 +0000
31.78267103666765, 35.227389190438835, 766.9881428547283, 2019-12-23 15:43:20 +0000
31.782664117560344, 35.22741365562764, 766.8962826106538, 2019-12-23 15:43:25 +0000
31.78254904278338, 35.227470662960776, 766.2183648384135, 2019-12-23 15:43:30 +0000
31.782369544477465, 35.22756416335714, 765.3605043989576, 2019-12-23 15:43:35 +0000
31.7822256474846, 35.2276559066577, 765.3603172320963, 2019-12-23 15:43:40 +0000
31.782206788303647, 35.22767830922793, 765.3603172302246, 2019-12-23 15:43:45 +0000
31.78221056463539, 35.2276954631097, 765.3603172302246, 2019-12-23 15:43:50 +0000
31.782208425956792, 35.22769483896731, 765.3603172302246, 2019-12-23 15:43:55 +0000
31.78220568060571, 35.227689563601515, 765.3603172302246, 2019-12-23 15:44:00 +0000
31.78218366382371, 35.227700078966585, 765.3603172302246, 2019-12-23 15:44:05 +0000
31.78215814732324, 35.227705400636154, 765.3603172302246, 2019-12-23 15:44:10 +0000
31.782160729203007, 35.22769726476492, 765.3603172302246, 2019-12-23 15:44:15 +0000
31.78215260064312, 35.227717261112645, 765.3603172302246, 2019-12-23 15:44:20 +0000
31.782151846861574, 35.227724099655624, 765.3603172302246, 2019-12-23 15:44:26 +0000
31.782146012125967, 35.227726112290505, 765.3603172302246, 2019-12-23 15:44:31 +0000
31.78210683662265, 35.227748553275504, 765.3603172302246, 2019-12-23 15:44:36 +0000
31.782093031924596, 35.22776035609165, 765.3603172302246, 2019-12-23 15:44:41 +0000
31.782093031924596, 35.22776035609165, 765.3603172302246, 2019-12-23 15:44:46 +0000
31.782093031924596, 35.22776035609165, 765.3603172302246, 2019-12-23 15:44:51 +0000
31.782079001412814, 35.22775410333582, 765.3603172302246, 2019-12-23 15:44:56 +0000
31.782034146445643, 35.22780143647736, 765.2978599548339, 2019-12-23 15:45:01 +0000
31.781908433074005, 35.22788360414931, 764.7233484721069, 2019-12-23 15:45:06 +0000
31.781817499784918, 35.2279543564451, 764.1068565148339, 2019-12-23 15:45:11 +0000
31.781692496859026, 35.22800096366718, 763.767944857971, 2019-12-23 15:45:15 +0000
31.781601557792918, 35.228017838234784, 763.9283407498602, 2019-12-23 15:45:20 +0000
31.781573471359664, 35.22802012694271, 764.126630294493, 2019-12-23 15:45:25 +0000
31.781543933565505, 35.22803282479882, 764.3177803187704, 2019-12-23 15:45:30 +0000
31.78155309120788, 35.22802973308105, 764.2716551667742, 2019-12-23 15:45:35 +0000
31.781547376194872, 35.22803528514714, 764.231514740245, 2019-12-23 15:45:40 +0000
31.78135455551063, 35.228069969701934, 765.1625449113159, 2019-12-23 15:45:45 +0000
31.781133568797294, 35.22807537270775, 771.5098376887478, 2019-12-23 15:45:50 +0000
31.780943133107442, 35.22807936066839, 772.0232780937056, 2019-12-23 15:45:55 +0000
31.780936523082218, 35.22807778421046, 774.163372974833, 2019-12-23 15:46:00 +0000
31.780942279625783, 35.228071081318824, 772.3039515772991, 2019-12-23 15:46:05 +0000
31.78092577404322, 35.228074287941055, 771.9224048017554, 2019-12-23 15:46:10 +0000
31.78092279745779, 35.2280768798376, 771.8000862893476, 2019-12-23 15:46:15 +0000
31.780919176429343, 35.22806580842256, 770.9940447856479, 2019-12-23 15:46:20 +0000
31.78092622678485, 35.22804765080137, 766.7485225238115, 2019-12-23 15:46:25 +0000
31.780911705926112, 35.22802760140677, 767.035938071506, 2019-12-23 15:46:30 +0000
31.780928002010135, 35.228034391352445, 766.9373439536857, 2019-12-23 15:46:35 +0000
31.78093981788604, 35.22804070372759, 766.888332415955, 2019-12-23 15:46:40 +0000
31.780929370137457, 35.228030819347254, 766.7536971624761, 2019-12-23 15:46:45 +0000
31.780794057586416, 35.227942356701085, 768.1827509668803, 2019-12-23 15:46:50 +0000
31.780642916010716, 35.22786838064283, 769.8597864756802, 2019-12-23 15:46:55 +0000
31.780589864246036, 35.22782617317788, 770.9027994801661, 2019-12-23 15:47:00 +0000
31.780599982731815, 35.22782397697746, 770.9729862072933, 2019-12-23 15:47:05 +0000
31.780601040378293, 35.227813584997726, 770.9911706500052, 2019-12-23 15:47:10 +0000
31.78055435707284, 35.22778446780509, 771.3386397380997, 2019-12-23 15:47:15 +0000
31.780489479815536, 35.22773861862204, 772.0172953978491, 2019-12-23 15:47:20 +0000
31.780488563717732, 35.227743895413866, 772.12465257381, 2019-12-23 15:47:25 +0000
31.78048967343065, 35.227748937045746, 772.0720898461122, 2019-12-23 15:47:30 +0000
31.78049910240117, 35.227735100296215, 772.0387690177506, 2019-12-23 15:47:35 +0000
31.780496084540022, 35.22772120347883, 772.0388106193567, 2019-12-23 15:47:40 +0000
31.780446159802732, 35.22765862799687, 772.3013710079563, 2019-12-23 15:47:45 +0000
31.7803812495296, 35.22755220394439, 772.7707370313874, 2019-12-23 15:47:50 +0000
31.78030679835877, 35.22746293451689, 773.3682411177479, 2019-12-23 15:47:55 +0000
31.780272362120446, 35.227396479318784, 774.4848867058258, 2019-12-23 15:48:00 +0000
31.78029210146233, 35.22740869882073, 774.2911240105873, 2019-12-23 15:48:05 +0000
31.780282821075716, 35.227401228027546, 774.3731381599965, 2019-12-23 15:48:10 +0000
31.780292865592898, 35.22740473476713, 774.3312985660285, 2019-12-23 15:48:15 +0000
31.780292865592898, 35.22740473476713, 774.3312985660285, 2019-12-23 15:48:20 +0000
31.780292865592898, 35.22740473476713, 774.3312985660285, 2019-12-23 15:48:25 +0000
31.780292865592898, 35.22740473476713, 774.3312985660285, 2019-12-23 15:48:30 +0000
31.780292865592898, 35.22740473476713, 774.3312985660285, 2019-12-23 15:48:35 +0000
31.780292865592898, 35.22740473476713, 774.3312985660285, 2019-12-23 15:48:40 +0000
31.78028664412685, 35.227382717466924, 774.4460372619629, 2019-12-23 15:48:45 +0000
31.780281551944324, 35.22734631135591, 774.7569056252667, 2019-12-23 15:48:50 +0000
31.78025106032269, 35.227302061163286, 775.1730526939114, 2019-12-23 15:48:55 +0000
31.780201790122433, 35.22725891357835, 776.0298453746691, 2019-12-23 15:49:00 +0000
31.78019120425628, 35.22722871104565, 776.1642494034113, 2019-12-23 15:49:05 +0000
31.780164310972122, 35.22719745646907, 776.6511745273588, 2019-12-23 15:49:10 +0000
31.780093222846954, 35.22720035433775, 777.1383482155799, 2019-12-23 15:49:15 +0000
31.780062429740703, 35.227191103877075, 777.3951566230833, 2019-12-23 15:49:20 +0000
31.78004685282523, 35.227180969832446, 777.7138229008842, 2019-12-23 15:49:25 +0000
31.780038617749444, 35.227161566979014, 777.916601460993, 2019-12-23 15:49:30 +0000
31.780038617749444, 35.227161566979014, 777.916601460993, 2019-12-23 15:49:35 +0000
31.780038617749444, 35.227161566979014, 777.916601460993, 2019-12-23 15:49:40 +0000
31.780038617749444, 35.227161566979014, 777.916601460993, 2019-12-23 15:49:45 +0000
31.780038617749444, 35.227161566979014, 777.916601460993, 2019-12-23 15:49:50 +0000
31.780038617749444, 35.227161566979014, 777.916601460993, 2019-12-23 15:49:55 +0000
31.780029080383002, 35.22714668902338, 778.158446661377, 2019-12-23 15:50:00 +0000
31.780030748317838, 35.227127355872305, 778.3121698587357, 2019-12-23 15:50:05 +0000
31.780011002682357, 35.22712477905027, 778.3790129029256, 2019-12-23 15:50:10 +0000
31.77999118717801, 35.22713471506077, 778.536456145819, 2019-12-23 15:50:15 +0000
31.77997986829565, 35.22711981334557, 778.6897785265259, 2019-12-23 15:50:20 +0000
31.779940230716054, 35.22710520034732, 779.0171345372888, 2019-12-23 15:50:25 +0000
31.779897505370663, 35.22707981413407, 779.5019916511809, 2019-12-23 15:50:30 +0000
31.779822092965187, 35.226935378771806, 780.8656216779747, 2019-12-23 15:50:35 +0000
31.779731858330273, 35.22676629967043, 782.8177303924, 2019-12-23 15:50:40 +0000
31.779580413930788, 35.22663805914623, 784.7727954689069, 2019-12-23 15:50:45 +0000
31.779339952931856, 35.22651344511229, 787.490421643093, 2019-12-23 15:50:50 +0000
31.779376105179875, 35.226532383215435, 787.5289151895939, 2019-12-23 15:50:55 +0000
31.77946543203099, 35.22658755506392, 786.8964322413995, 2019-12-23 15:51:00 +0000
31.77948103839251, 35.226594008980236, 786.6062993368109, 2019-12-23 15:51:05 +0000
31.77948103839251, 35.226594008980236, 786.6062993368109, 2019-12-23 15:51:10 +0000
31.77948103839251, 35.226594008980236, 786.6062993368109, 2019-12-23 15:51:16 +0000
31.77948103839251, 35.226594008980236, 786.6062993368109, 2019-12-23 15:51:21 +0000
31.77948103839251, 35.226594008980236, 786.6062993368109, 2019-12-23 15:51:26 +0000
31.77948103839251, 35.226594008980236, 786.6062993368109, 2019-12-23 15:51:31 +0000
31.77948103839251, 35.226594008980236, 786.6062993368109, 2019-12-23 15:51:36 +0000
31.779506891852122, 35.226595412501446, 786.2210191955567, 2019-12-23 15:51:41 +0000
31.779512285299965, 35.22659019325339, 786.2293057804816, 2019-12-23 15:51:46 +0000
31.779532284607424, 35.22661519361438, 785.927064720159, 2019-12-23 15:51:51 +0000
31.779551871325932, 35.226648470333735, 785.5540892337591, 2019-12-23 15:51:56 +0000
31.779555555112196, 35.226724924762806, 785.0069402763431, 2019-12-23 15:52:01 +0000
31.779547448991234, 35.22678283244238, 784.5454020607128, 2019-12-23 15:52:06 +0000
31.779550449166894, 35.22679184001804, 784.4541291122008, 2019-12-23 15:52:11 +0000
31.779555037396612, 35.22679435471529, 784.394769771737, 2019-12-23 15:52:16 +0000
31.779576132612174, 35.22677371885641, 784.3493852554141, 2019-12-23 15:52:21 +0000
31.77957056412368, 35.226676623425014, 784.8710762725162, 2019-12-23 15:52:26 +0000
31.77959792268995, 35.226558072032404, 785.7766209169166, 2019-12-23 15:52:31 +0000
31.77965617151815, 35.22656088770991, 785.4788069700437, 2019-12-23 15:52:36 +0000
31.7796901329205, 35.22654726500031, 785.215723873496, 2019-12-23 15:52:41 +0000
31.77969616751677, 35.226499825675816, 785.3318608318984, 2019-12-23 15:52:46 +0000
31.77969562681464, 35.22646248214185, 785.793416177228, 2019-12-23 15:52:50 +0000
31.77970358724613, 35.22644981910574, 785.842204390804, 2019-12-23 15:52:55 +0000
31.779711547078428, 35.22645745375653, 785.7429570051509, 2019-12-23 15:53:00 +0000
31.77972371121865, 35.22648217745728, 785.5014484449281, 2019-12-23 15:53:05 +0000
31.779737072422204, 35.226501054178485, 785.2338669166832, 2019-12-23 15:53:10 +0000
31.779736597124977, 35.22649298538279, 785.2417385761951, 2019-12-23 15:53:15 +0000
31.779722123035437, 35.226462019631676, 785.4685821992232, 2019-12-23 15:53:20 +0000
31.779646701057366, 35.226286517383414, 786.8405593706136, 2019-12-23 15:53:25 +0000
31.779530442295393, 35.22597937550234, 788.7801139155806, 2019-12-23 15:53:30 +0000
31.77938314394808, 35.22565998675193, 790.2916663866876, 2019-12-23 15:53:35 +0000
31.77921823163253, 35.22536241928805, 790.6206509370268, 2019-12-23 15:53:40 +0000
31.77918139071728, 35.22527795343354, 790.7954478279465, 2019-12-23 15:53:45 +0000
31.779131884265993, 35.22517346773301, 791.568456587634, 2019-12-23 15:53:50 +0000
31.779065258953892, 35.225042756773064, 791.1164543144753, 2019-12-23 15:53:55 +0000
31.779207793738117, 35.2249185248449, 790.1412012624146, 2019-12-23 15:54:00 +0000
31.779500397381007, 35.22470210706132, 793.532106335202, 2019-12-23 15:54:05 +0000
31.78010508256115, 35.22447624823065, 796.4550296640581, 2019-12-23 15:54:10 +0000
31.780139381303115, 35.2244693226006, 796.4217138658255, 2019-12-23 15:54:15 +0000
31.78015835362674, 35.224405663061845, 796.5261184490494, 2019-12-23 15:54:20 +0000
31.780215696170714, 35.224413087879114, 796.5287132003706, 2019-12-23 15:54:25 +0000
31.78027598956739, 35.22441374134583, 796.0170018441867, 2019-12-23 15:54:30 +0000
31.780502555210447, 35.224420084092, 795.4789158972904, 2019-12-23 15:54:35 +0000
31.780647588084875, 35.224428505524884, 794.4757133380863, 2019-12-23 15:54:40 +0000
31.78071323335558, 35.22440726659692, 790.0980660842574, 2019-12-23 15:54:45 +0000
31.780747512024586, 35.22445787837057, 784.6029915929232, 2019-12-23 15:54:50 +0000
31.780841248842663, 35.224308962274044, 788.5831077669766, 2019-12-23 15:54:55 +0000
31.781383801940756, 35.224522978867824, 792.925495025757, 2019-12-23 15:55:00 +0000
31.781874844995773, 35.22448594314966, 789.9278352532184, 2019-12-23 15:55:05 +0000
31.78235158740177, 35.22445911170976, 778.9266855969223, 2019-12-23 15:55:10 +0000
31.782673142620112, 35.224442687947935, 773.5945196494125, 2019-12-23 15:55:15 +0000
31.782955104309142, 35.22443493388387, 783.8787519997604, 2019-12-23 15:55:20 +0000
31.783084008823963, 35.22445065886726, 787.2031688000586, 2019-12-23 15:55:25 +0000
31.78331060188986, 35.22447571134119, 774.2192993164062, 2019-12-23 15:55:30 +0000
31.783924318708344, 35.22451133052846, 788.26738069243, 2019-12-23 15:55:35 +0000
31.783951853745254, 35.22451508410175, 779.5943565637087, 2019-12-23 15:55:40 +0000
31.78406287720459, 35.22449149922023, 774.7917169090105, 2019-12-23 15:55:45 +0000
31.784007785125414, 35.22428335714775, 784.6270751953125, 2019-12-23 15:55:50 +0000
31.78372974586597, 35.22335334618654, 778.4748945941294, 2019-12-23 15:55:55 +0000
31.78385026509037, 35.22273921054457, 799.9775803474338, 2019-12-23 15:56:00 +0000
31.783695287895814, 35.22213028105826, 802.6618906318597, 2019-12-23 15:56:05 +0000
31.783707179577835, 35.22142964605549, 805.3086186938347, 2019-12-23 15:56:10 +0000
31.783818203777088, 35.22103607457477, 795.3597634952068, 2019-12-23 15:56:16 +0000
31.783122215110545, 35.22025025463531, 786.479826464888, 2019-12-23 15:56:21 +0000
31.782564826587077, 35.219626051586026, 791.8844763555167, 2019-12-23 15:56:26 +0000
31.78249514387187, 35.2195892029952, 796.1867512048335, 2019-12-23 15:56:31 +0000
31.78228792428077, 35.21982058749538, 796.2159431587592, 2019-12-23 15:56:36 +0000
31.782524093233143, 35.22027765870976, 799.2849185024953, 2019-12-23 15:56:41 +0000
31.78315304590753, 35.22037759468707, 802.7611091611739, 2019-12-23 15:56:46 +0000
31.78334556728859, 35.220590467304525, 804.4451297043304, 2019-12-23 15:56:51 +0000
31.78338948254353, 35.22062049447606, 805.3161303390915, 2019-12-23 15:56:56 +0000
31.783431501728003, 35.22064261208769, 805.8410239215344, 2019-12-23 15:57:01 +0000
31.78349073125411, 35.22060453409138, 806.0810163292837, 2019-12-23 15:57:06 +0000
31.78355931218652, 35.2204853464161, 806.1841478857019, 2019-12-23 15:57:11 +0000
31.78395145895217, 35.220456837005386, 805.9223914481455, 2019-12-23 15:57:16 +0000
31.78400007935794, 35.22024925003784, 805.9918493957666, 2019-12-23 15:57:21 +0000
31.78404930166887, 35.220068962035, 807.5470506616351, 2019-12-23 15:57:26 +0000
31.78407841356983, 35.21996168594143, 808.0973817275637, 2019-12-23 15:57:31 +0000
31.784087483264667, 35.219925620152935, 807.8631083484282, 2019-12-23 15:57:36 +0000
31.784087745026476, 35.219924413021424, 807.7859308394146, 2019-12-23 15:57:41 +0000
31.78409073373784, 35.219910630385705, 807.7524998546297, 2019-12-23 15:57:46 +0000
31.78409189506595, 35.21990527484604, 807.7150758698738, 2019-12-23 15:57:51 +0000
31.784091802536643, 35.21990570155092, 807.7150758698738, 2019-12-23 15:57:56 +0000
31.784091758956443, 35.21990590252384, 807.7150758698738, 2019-12-23 15:58:01 +0000
31.784092049669272, 35.21990456188283, 807.7150758698738, 2019-12-23 15:58:06 +0000
31.784091749363935, 35.2199059467603, 807.7150758698738, 2019-12-23 15:58:11 +0000
31.784091596075918, 35.21990665365791, 807.7150758698738, 2019-12-23 15:58:16 +0000
31.784094128629555, 35.21989497462305, 807.664779504483, 2019-12-23 15:58:21 +0000
31.784118385717886, 35.21978399047489, 807.42568507099, 2019-12-23 15:58:26 +0000
31.78413141861353, 35.21972606916668, 806.7787056225504, 2019-12-23 15:58:31 +0000
31.78413267157113, 35.21972050072318, 806.7319317711642, 2019-12-23 15:58:36 +0000
31.78416676411202, 35.219568985310055, 806.7674252456865, 2019-12-23 15:58:41 +0000
31.784234369152227, 35.21929481240508, 807.1642484765978, 2019-12-23 15:58:46 +0000
31.784287138279865, 35.219087883621086, 807.6097688693906, 2019-12-23 15:58:51 +0000
31.784313785496018, 35.2189833892646, 807.9116335882663, 2019-12-23 15:58:56 +0000
31.784314202043113, 35.2189817558174, 808.0283874424849, 2019-12-23 15:59:01 +0000
31.784298140557805, 35.21904473930362, 807.9749500443496, 2019-12-23 15:59:06 +0000
31.784290723837724, 35.21907382321947, 807.90597821542, 2019-12-23 15:59:11 +0000
31.78427009310842, 35.219154724532764, 807.7564246907486, 2019-12-23 15:59:16 +0000
31.784248843741814, 35.21923805176952, 807.5710127348784, 2019-12-23 15:59:21 +0000
31.784236975440688, 35.21928459210911, 807.3955529474091, 2019-12-23 15:59:26 +0000
31.78422976023844, 35.219312885793215, 807.587452135367, 2019-12-23 15:59:31 +0000
31.784229529136436, 35.21931379203628, 807.587452135367, 2019-12-23 15:59:36 +0000
31.78424638471942, 35.21924769457653, 807.4480038113466, 2019-12-23 15:59:41 +0000
31.78429978856947, 35.21903827679296, 807.6836522532086, 2019-12-23 15:59:46 +0000
31.7843762690003, 35.21872076280789, 808.1800372006354, 2019-12-23 15:59:50 +0000
31.784503681578357, 35.21825083697253, 809.1471597084302, 2019-12-23 15:59:55 +0000
31.784665624114705, 35.21778175635215, 809.5184779752364, 2019-12-23 16:00:00 +0000
31.78479734874991, 35.21743723592605, 809.1286064619785, 2019-12-23 16:00:05 +0000
31.784836977367355, 35.21723704358669, 809.1618993058171, 2019-12-23 16:00:10 +0000
31.784894377090936, 35.21692110317789, 809.5859199994634, 2019-12-23 16:00:15 +0000
31.784939449851567, 35.216603262829544, 810.3876598842015, 2019-12-23 16:00:20 +0000
31.784966046316534, 35.216404812491284, 810.7658788116346, 2019-12-23 16:00:25 +0000
31.784994943642104, 35.21622134634898, 811.468850335523, 2019-12-23 16:00:30 +0000
31.785020292493286, 35.21603450816751, 812.8611034772989, 2019-12-23 16:00:35 +0000
31.785036081160374, 35.21588228994952, 813.2159894597668, 2019-12-23 16:00:40 +0000
31.785045585359157, 35.21576153796349, 813.6571817592369, 2019-12-23 16:00:45 +0000
31.785046266471067, 35.21559915352202, 814.4963405955984, 2019-12-23 16:00:50 +0000
31.785046517708196, 35.21552052427393, 815.1288576328167, 2019-12-23 16:00:55 +0000
31.785046609472733, 35.21549180488629, 815.2201512699987, 2019-12-23 16:01:00 +0000
31.785046707560447, 35.21546110654574, 815.2283194550837, 2019-12-23 16:01:05 +0000
31.78504678400328, 35.215437182364255, 815.2296945276091, 2019-12-23 16:01:10 +0000
31.78504686113897, 35.21541304134227, 815.2297629698961, 2019-12-23 16:01:15 +0000
31.785046891471428, 35.21540354824578, 815.2297630310053, 2019-12-23 16:01:20 +0000
31.78504876632458, 35.215376921609945, 815.2297630310059, 2019-12-23 16:01:25 +0000
31.785047117605433, 35.215399549364925, 815.2297630310059, 2019-12-23 16:01:30 +0000
31.785048117142235, 35.21538583127724, 815.2297630310059, 2019-12-23 16:01:35 +0000
31.785049023263227, 35.21537339526962, 815.2297630310059, 2019-12-23 16:01:40 +0000
31.785050706269757, 35.21535029693932, 815.2297630310059, 2019-12-23 16:01:45 +0000
31.785059270772535, 35.21527225549971, 815.2297630310059, 2019-12-23 16:01:50 +0000
31.785056080778734, 35.215112350366894, 815.2297630310059, 2019-12-23 16:01:55 +0000
31.78487448583496, 35.21498676004423, 815.2297630310059, 2019-12-23 16:02:00 +0000
31.784746341797838, 35.21476084619638, 815.2297630310059, 2019-12-23 16:02:05 +0000
31.784624468223114, 35.214650644418406, 815.2297630310059, 2019-12-23 16:02:10 +0000
31.78458981997088, 35.214563212662014, 815.2297630310059, 2019-12-23 16:02:15 +0000
31.784601493988422, 35.21451971165238, 815.2297630310059, 2019-12-23 16:02:20 +0000
31.78461000252601, 35.21451620664703, 815.2297630310059, 2019-12-23 16:02:25 +0000
31.784628890370062, 35.21451374349002, 815.2297630310059, 2019-12-23 16:02:30 +0000
31.784613181086044, 35.21450172568817, 815.2297630310059, 2019-12-23 16:02:35 +0000
31.784542427763064, 35.21444752240085, 815.2297630310059, 2019-12-23 16:02:40 +0000
31.78444897184046, 35.21442564590846, 815.2297630310059, 2019-12-23 16:02:45 +0000
31.784392057311862, 35.21441161239355, 815.2297630310059, 2019-12-23 16:02:50 +0000
31.78436144845197, 35.21444781070206, 815.2297630310059, 2019-12-23 16:02:55 +0000
31.78432301073923, 35.214507587522384, 815.2297630310059, 2019-12-23 16:03:00 +0000
31.784196298442403, 35.214481512587255, 815.2297630310059, 2019-12-23 16:03:05 +0000
31.784164296275733, 35.214475181539434, 815.2297630310059, 2019-12-23 16:03:10 +0000
31.78413802047178, 35.214415443971255, 815.2430894470215, 2019-12-23 16:03:15 +0000
31.784158697927314, 35.214420832958275, 815.2421240783691, 2019-12-23 16:03:20 +0000
31.78418166261963, 35.21443569770465, 815.2302696228758, 2019-12-23 16:03:25 +0000
31.78418470823431, 35.214446092388926, 815.2297635375978, 2019-12-23 16:03:30 +0000
31.78418470823431, 35.214446092388926, 815.2297635375978, 2019-12-23 16:03:35 +0000
31.784196713830948, 35.214437614384146, 815.2297630310059, 2019-12-23 16:03:40 +0000
31.78420866483718, 35.21443625720639, 815.2297630310059, 2019-12-23 16:03:45 +0000
31.78420866483718, 35.21443625720639, 815.2297630310059, 2019-12-23 16:03:50 +0000
31.78420866483718, 35.21443625720639, 815.2297630310059, 2019-12-23 16:03:55 +0000
31.78420866483718, 35.21443625720639, 815.2297630310059, 2019-12-23 16:04:00 +0000
31.78422272474307, 35.214454587793256, 815.2297630310059, 2019-12-23 16:04:05 +0000
31.78424363037135, 35.21448654515492, 815.2297630310059, 2019-12-23 16:04:10 +0000
31.784245001324106, 35.214492309992586, 815.2297630310059, 2019-12-23 16:04:15 +0000
31.78422749346328, 35.214476421681844, 815.2297630310059, 2019-12-23 16:04:20 +0000
31.78416947456801, 35.21443075837942, 815.2297630310059, 2019-12-23 16:04:25 +0000
31.784049437665633, 35.21430314099212, 815.5180083557128, 2019-12-23 16:04:30 +0000
31.78397763115959, 35.21422393117384, 816.2618027249825, 2019-12-23 16:04:35 +0000
31.784037210802932, 35.21404407217584, 816.4272119366078, 2019-12-23 16:04:40 +0000
31.784099911439448, 35.21406775480307, 815.8500399432392, 2019-12-23 16:04:45 +0000
31.784141542958594, 35.21409109671136, 815.4423398569439, 2019-12-23 16:04:50 +0000
31.784141542958594, 35.21409109671136, 815.4423398569439, 2019-12-23 16:04:55 +0000
31.784141542958594, 35.21409109671136, 815.4423398569439, 2019-12-23 16:05:00 +0000
31.784141542958594, 35.21409109671136, 815.4423398569439, 2019-12-23 16:05:05 +0000
31.784141542958594, 35.21409109671136, 815.4423398569439, 2019-12-23 16:05:10 +0000
31.784141542958594, 35.21409109671136, 815.4423398569439, 2019-12-23 16:05:15 +0000
31.784141542958594, 35.21409109671136, 815.4423398569439, 2019-12-23 16:05:20 +0000
31.784141542958594, 35.21409109671136, 815.4423398569439, 2019-12-23 16:05:26 +0000
31.784141542958594, 35.21409109671136, 815.4423398569439, 2019-12-23 16:05:31 +0000
31.784141542958594, 35.21409109671136, 815.4423398569439, 2019-12-23 16:05:36 +0000
31.784141542958594, 35.21409109671136, 815.4423398569439, 2019-12-23 16:05:41 +0000
31.78409899680013, 35.21404047538402, 815.6311705627442, 2019-12-23 16:05:46 +0000
31.783999443283832, 35.213939205941884, 816.2477759360725, 2019-12-23 16:05:51 +0000
31.783899515016575, 35.214092624435565, 817.0716019251241, 2019-12-23 16:05:56 +0000
31.783797066560684, 35.21429747432449, 816.8460992826467, 2019-12-23 16:06:01 +0000
31.783692365512884, 35.214555964716006, 816.2784431213704, 2019-12-23 16:06:06 +0000
31.78358887867559, 35.214835847040845, 814.890717612045, 2019-12-23 16:06:11 +0000
31.783346728574678, 35.21508963820962, 813.1740349127684, 2019-12-23 16:06:16 +0000
31.78324012943308, 35.2153969162434, 812.6951466753849, 2019-12-23 16:06:21 +0000
31.783081356959155, 35.21565582858302, 810.6253534172643, 2019-12-23 16:06:26 +0000
31.78281558665516, 35.215626543947806, 810.5525489107379, 2019-12-23 16:06:31 +0000
31.782498648232764, 35.215551626727944, 811.0355426254418, 2019-12-23 16:06:36 +0000
31.782367355354307, 35.215610566477444, 810.8872691155352, 2019-12-23 16:06:41 +0000
31.78229762731969, 35.21551155737446, 811.4329662741575, 2019-12-23 16:06:46 +0000
31.782308287275036, 35.21555186031254, 811.2227326594739, 2019-12-23 16:06:51 +0000
31.782308287275036, 35.21555186031254, 811.2227326594739, 2019-12-23 16:06:56 +0000
31.782308287275036, 35.21555186031254, 811.2227326594739, 2019-12-23 16:07:01 +0000
31.78226987951538, 35.21555861240846, 811.0744804382325, 2019-12-23 16:07:06 +0000
31.782150719454936, 35.215556176853944, 811.3144021440735, 2019-12-23 16:07:10 +0000
31.78200954189434, 35.2155873137041, 812.4370835606245, 2019-12-23 16:07:15 +0000
31.781973281492153, 35.215552634307734, 812.9048335435422, 2019-12-23 16:07:20 +0000
31.78196261216515, 35.215584232808816, 812.9339393123507, 2019-12-23 16:07:25 +0000
31.78169997633796, 35.21561098123163, 812.6915015815578, 2019-12-23 16:07:30 +0000
31.78150737581805, 35.21556734525014, 812.9482062989041, 2019-12-23 16:07:35 +0000
31.78128777208499, 35.215502345004, 813.15187219725, 2019-12-23 16:07:40 +0000
31.781136927366244, 35.21543731065978, 813.151882171531, 2019-12-23 16:07:45 +0000
31.7809882332389, 35.21534308858134, 812.9029908630371, 2019-12-23 16:07:50 +0000
31.780887881661616, 35.21514682534446, 813.3031599872833, 2019-12-23 16:07:55 +0000
31.780799778543116, 35.214842479693566, 813.7548048080662, 2019-12-23 16:08:00 +0000
31.780663526556197, 35.21455028112802, 815.2293264668485, 2019-12-23 16:08:05 +0000
31.780530322733846, 35.21427296440926, 815.2297630266403, 2019-12-23 16:08:10 +0000
31.780529180497773, 35.21413594018795, 815.2297630310059, 2019-12-23 16:08:15 +0000
31.780596933293516, 35.21396177854415, 815.2297630310059, 2019-12-23 16:08:20 +0000
31.78067270967059, 35.21374194497756, 814.4125955505372, 2019-12-23 16:08:25 +0000
31.78069716996059, 35.21365871506679, 813.6165223880176, 2019-12-23 16:08:30 +0000
31.780684308818824, 35.21355758954709, 812.821806731363, 2019-12-23 16:08:35 +0000
31.780651366490837, 35.213482754888524, 812.2875849316674, 2019-12-23 16:08:40 +0000
31.780599512518886, 35.21334074498111, 811.5722341560999, 2019-12-23 16:08:45 +0000
31.780649011246325, 35.212951965830555, 809.5529913971234, 2019-12-23 16:08:50 +0000
31.781156868385597, 35.21260939789052, 805.3030366496421, 2019-12-23 16:08:55 +0000
31.781316950924417, 35.212159698595606, 803.3288653042695, 2019-12-23 16:09:00 +0000
31.781360948749732, 35.21203521664608, 805.0440520933176, 2019-12-23 16:09:05 +0000
31.781297228447414, 35.21196424312945, 804.5918346864697, 2019-12-23 16:09:10 +0000
31.78128642698455, 35.211961162721025, 804.3107576209607, 2019-12-23 16:09:15 +0000
31.781104747949346, 35.21196742067677, 803.4959776251314, 2019-12-23 16:09:20 +0000
31.780917003978036, 35.21199938691682, 802.4030601133178, 2019-12-23 16:09:25 +0000
31.780815074776065, 35.21201674189933, 801.4623590547482, 2019-12-23 16:09:30 +0000
31.780776083222495, 35.21202321068111, 801.2804040733968, 2019-12-23 16:09:35 +0000
31.780689694058683, 35.2120367317273, 801.3332334183978, 2019-12-23 16:09:40 +0000
31.780577327130104, 35.2120543186371, 801.4359922377068, 2019-12-23 16:09:45 +0000
31.78052316815722, 35.212062795232335, 801.6704072301387, 2019-12-23 16:09:50 +0000
31.780046765993628, 35.21213306047919, 802.1184455154507, 2019-12-23 16:09:55 +0000
31.779769171182604, 35.212180879160925, 802.3790930829919, 2019-12-23 16:10:00 +0000
31.77930756652095, 35.21226964662917, 803.25353225624, 2019-12-23 16:10:05 +0000
31.77897378701298, 35.21231692831939, 805.3806252584443, 2019-12-23 16:10:10 +0000
31.778693253996405, 35.21235011577985, 806.8086815501263, 2019-12-23 16:10:15 +0000
31.778428314686707, 35.21238230098919, 807.882304858399, 2019-12-23 16:10:20 +0000
31.778211301314716, 35.212408664086524, 808.2278897877474, 2019-12-23 16:10:25 +0000
31.77784594080079, 35.21245243397135, 808.6289281953789, 2019-12-23 16:10:30 +0000
31.77755016845439, 35.21249068677735, 808.8720467107679, 2019-12-23 16:10:35 +0000
31.777346616311366, 35.21252085303877, 808.9843559308935, 2019-12-23 16:10:40 +0000
31.77722632503917, 35.212538680107095, 808.9960593006897, 2019-12-23 16:10:45 +0000
31.776940162521374, 35.212588044601176, 808.9960594177235, 2019-12-23 16:10:50 +0000
31.77661628894801, 35.21265317445669, 808.9960594177246, 2019-12-23 16:10:55 +0000
31.77628405098708, 35.21270107276896, 808.322577541504, 2019-12-23 16:11:00 +0000
31.775897463985412, 35.212742854804446, 807.8092238529498, 2019-12-23 16:11:05 +0000
31.775630049933763, 35.21277501080386, 806.8132935877331, 2019-12-23 16:11:10 +0000
31.775433374115927, 35.21280002171589, 806.0024270041288, 2019-12-23 16:11:15 +0000
31.775278071826342, 35.21281977123032, 805.0948184547891, 2019-12-23 16:11:20 +0000
31.775057393415075, 35.21284764095818, 803.511241141399, 2019-12-23 16:11:25 +0000
31.774842941444167, 35.21287468889027, 801.9421525175399, 2019-12-23 16:11:30 +0000
31.77470155709872, 35.212896560404616, 800.7059008421567, 2019-12-23 16:11:35 +0000
31.774665402473513, 35.21290215601587, 800.6844751593273, 2019-12-23 16:11:40 +0000
31.774666379491045, 35.212901677230974, 800.6844749450705, 2019-12-23 16:11:45 +0000
31.774682453307314, 35.21290327852063, 800.6844749450684, 2019-12-23 16:11:50 +0000
31.774691482721018, 35.21290275288121, 800.6844749450684, 2019-12-23 16:11:55 +0000
31.774706150475133, 35.21290064985385, 800.6844749450684, 2019-12-23 16:12:00 +0000
31.77470965706363, 35.21290513829598, 800.6844749450684, 2019-12-23 16:12:05 +0000
31.774709023768523, 35.212915786783455, 800.6844749450684, 2019-12-23 16:12:10 +0000
31.77464233568825, 35.21289776238652, 800.6844749450684, 2019-12-23 16:12:15 +0000
31.77459520335893, 35.21300231583585, 800.6844749450684, 2019-12-23 16:12:20 +0000
31.774645607742627, 35.21330536765168, 800.6712172051499, 2019-12-23 16:12:25 +0000
31.77464440787561, 35.21371137260142, 800.6543722734284, 2019-12-23 16:12:30 +0000
31.774575256007306, 35.21425710494146, 800.391484642821, 2019-12-23 16:12:35 +0000
31.77463926765147, 35.214656455689266, 800.6161771708049, 2019-12-23 16:12:40 +0000
31.774664009548324, 35.214937226837506, 800.6087951055965, 2019-12-23 16:12:45 +0000
31.774647402408014, 35.21514247609442, 800.5827330719369, 2019-12-23 16:12:50 +0000
31.77463252218398, 35.21521061072264, 800.3650793744271, 2019-12-23 16:12:55 +0000
31.77465414943078, 35.2153046987885, 800.1688525020976, 2019-12-23 16:13:00 +0000
31.774651686690767, 35.21533191727903, 799.7735555730526, 2019-12-23 16:13:05 +0000
31.774618727148027, 35.215397075010735, 799.9372343493081, 2019-12-23 16:13:10 +0000
31.77458945078096, 35.21546925750298, 799.7452504340881, 2019-12-23 16:13:15 +0000
31.774475346995047, 35.215615609570655, 799.4432627647374, 2019-12-23 16:13:20 +0000
31.774391750334594, 35.215664247181735, 799.1315629327269, 2019-12-23 16:13:25 +0000
31.774274245787755, 35.21578664793931, 799.1014105501137, 2019-12-23 16:13:30 +0000
31.77416778369726, 35.21585901912723, 798.6563053516071, 2019-12-23 16:13:35 +0000
31.773953418333488, 35.21581853580351, 797.1247409957699, 2019-12-23 16:13:40 +0000
31.773925350332405, 35.21580707624932, 796.7934619506306, 2019-12-23 16:13:45 +0000
31.773726007973927, 35.21567355762764, 793.9106538355447, 2019-12-23 16:13:50 +0000
31.77366640233214, 35.215631175842034, 795.0588823844696, 2019-12-23 16:13:55 +0000
31.7735859883065, 35.2155590909706, 794.3891255836741, 2019-12-23 16:14:00 +0000
31.77350214460182, 35.215411643073885, 793.8989488824438, 2019-12-23 16:14:05 +0000
31.77337867554961, 35.21514451136, 792.8706723101448, 2019-12-23 16:14:10 +0000
31.77308693928792, 35.21490515147005, 791.6602741864973, 2019-12-23 16:14:15 +0000
31.77303172182101, 35.21468659198207, 790.1534173348966, 2019-12-23 16:14:20 +0000
31.773014938522678, 35.21454766458252, 789.9685455521154, 2019-12-23 16:14:25 +0000
31.77299103774737, 35.21444205064736, 789.8353072993242, 2019-12-23 16:14:30 +0000
31.77298497105242, 35.21438066180288, 789.4494473145979, 2019-12-23 16:14:35 +0000
31.77295783820475, 35.21437800147452, 789.3792816389815, 2019-12-23 16:14:40 +0000
31.772940157303175, 35.21434580104555, 789.0657194706499, 2019-12-23 16:14:45 +0000
31.772895198062578, 35.214312259086114, 788.7692173884951, 2019-12-23 16:14:50 +0000
31.772786612421374, 35.214224775274445, 788.3029470717896, 2019-12-23 16:14:55 +0000
31.772668535899072, 35.21415053130266, 787.5304626092818, 2019-12-23 16:15:00 +0000
31.77250852786934, 35.21401797737404, 786.3670538498912, 2019-12-23 16:15:05 +0000
31.772260114769068, 35.213778977961795, 784.7169594521318, 2019-12-23 16:15:10 +0000
31.772022816366814, 35.21346719185897, 783.3801010566566, 2019-12-23 16:15:15 +0000
31.77180658911342, 35.21318107795689, 781.1999340656362, 2019-12-23 16:15:20 +0000
31.771662465512122, 35.21301186000484, 779.735266288014, 2019-12-23 16:15:25 +0000
31.771560891230564, 35.212911247950785, 779.0218028437289, 2019-12-23 16:15:30 +0000
31.771412787613674, 35.21277889108139, 777.8627214640993, 2019-12-23 16:15:35 +0000
31.771349795721374, 35.21268752857187, 777.7513510891058, 2019-12-23 16:15:40 +0000
31.771317565361805, 35.212652383243565, 777.6844569865104, 2019-12-23 16:15:45 +0000
31.771082510387945, 35.212483729757544, 776.0411433897129, 2019-12-23 16:15:50 +0000
31.770774388275754, 35.21221776257455, 773.3898070359228, 2019-12-23 16:15:55 +0000
31.77067279549842, 35.21213076774455, 772.5023280463629, 2019-12-23 16:16:00 +0000
31.77061423401854, 35.2120806210105, 772.7394375803865, 2019-12-23 16:16:05 +0000
31.770602855672152, 35.21207087762779, 773.1525468728686, 2019-12-23 16:16:10 +0000
31.770574084845897, 35.21204384566215, 772.914228477106, 2019-12-23 16:16:15 +0000
31.77056566000307, 35.21202582244843, 772.8855430049329, 2019-12-23 16:16:20 +0000
31.770548610424065, 35.21201023967587, 772.6773580199641, 2019-12-23 16:16:25 +0000
31.770538121544895, 35.212002457543285, 772.6411437742456, 2019-12-23 16:16:30 +0000
31.77037459806579, 35.21186040817032, 772.0730735632703, 2019-12-23 16:16:35 +0000
31.770231651185856, 35.21168183138896, 770.2937124455565, 2019-12-23 16:16:40 +0000
31.770168552617502, 35.21164918811722, 770.1851540092451, 2019-12-23 16:16:45 +0000
31.77012573425384, 35.21161693199162, 770.0622716675573, 2019-12-23 16:16:50 +0000
31.770103656519176, 35.21151563601504, 769.213336270643, 2019-12-23 16:16:55 +0000
31.770075947677302, 35.21140110987846, 767.906567958291, 2019-12-23 16:17:00 +0000
31.770041256983284, 35.211296193739784, 766.9850078721753, 2019-12-23 16:17:05 +0000
31.76997700373226, 35.21112516281335, 765.7959532140695, 2019-12-23 16:17:10 +0000
31.769913964237595, 35.210872237281876, 763.1036081985229, 2019-12-23 16:17:15 +0000
31.769819470675724, 35.2105947886797, 760.1852075690181, 2019-12-23 16:17:20 +0000
31.76979146934691, 35.210466419422886, 758.7059628845235, 2019-12-23 16:17:25 +0000
31.76978396193927, 35.210028574538775, 754.9525341711782, 2019-12-23 16:17:30 +0000
31.769729772919135, 35.20920189407324, 748.2712099010513, 2019-12-23 16:17:35 +0000
31.769668688632017, 35.2084866406343, 761.7423248430945, 2019-12-23 16:17:40 +0000
31.769621822746636, 35.208150998252954, 769.8224538636744, 2019-12-23 16:17:45 +0000
31.76962523354562, 35.208169051771435, 744.4787922891295, 2019-12-23 16:17:50 +0000
31.769625734471457, 35.20817239579176, 744.3029389655123, 2019-12-23 16:17:55 +0000
31.769502340404323, 35.20771314354254, 742.6629384807828, 2019-12-23 16:18:00 +0000
31.76926777767856, 35.20690736006696, 739.888936593107, 2019-12-23 16:18:05 +0000
31.76888109996528, 35.205905630853124, 736.1988722850949, 2019-12-23 16:18:10 +0000
31.768172458107532, 35.20510598111773, 735.6092131395789, 2019-12-23 16:18:15 +0000
31.767393133904857, 35.204691542667874, 731.5203749566105, 2019-12-23 16:18:20 +0000
31.76714845993924, 35.204616642492425, 729.5533746090001, 2019-12-23 16:18:25 +0000
31.767167730838974, 35.20462496877073, 729.2114316125807, 2019-12-23 16:18:30 +0000
31.767218069075014, 35.20465782088186, 729.4504595304309, 2019-12-23 16:18:35 +0000
31.767204947965656, 35.20463361480919, 729.4552768602853, 2019-12-23 16:18:40 +0000
31.76721394679758, 35.20459686225668, 729.2816025890006, 2019-12-23 16:18:45 +0000
31.766952533710956, 35.20450605570403, 728.8040372041867, 2019-12-23 16:18:50 +0000
31.766663988819257, 35.204352357526595, 727.8585450200856, 2019-12-23 16:18:55 +0000
31.766480864884482, 35.20425220138861, 726.801396812112, 2019-12-23 16:19:00 +0000
31.766464538524165, 35.20424327199771, 726.3046632492968, 2019-12-23 16:19:05 +0000
31.766464755249658, 35.20424339053158, 726.4770464319856, 2019-12-23 16:19:10 +0000
31.766146326766467, 35.204005668674576, 726.2127209573312, 2019-12-23 16:19:15 +0000
31.765755122605324, 35.203481444851604, 723.7056227452287, 2019-12-23 16:19:20 +0000
31.765270990972365, 35.20262395854664, 722.084072409354, 2019-12-23 16:19:25 +0000
31.764742012491833, 35.201681884055304, 722.3777061712676, 2019-12-23 16:19:30 +0000
31.763991213876597, 35.20072485414267, 720.5559397863161, 2019-12-23 16:19:35 +0000
31.763127692196033, 35.20017409021291, 713.9216184528076, 2019-12-23 16:19:40 +0000
31.76229981961415, 35.19993798004954, 712.1187291945553, 2019-12-23 16:19:45 +0000
31.761642491566565, 35.19990059943486, 712.1817227397594, 2019-12-23 16:19:50 +0000
31.761273580248965, 35.199919622257696, 710.7721183208666, 2019-12-23 16:19:55 +0000
31.761253418780374, 35.19992066517369, 710.0073836071466, 2019-12-23 16:20:00 +0000
31.76127904858944, 35.19991933939042, 710.0057513894869, 2019-12-23 16:20:05 +0000
31.761160480303168, 35.199905990367206, 710.1051570653035, 2019-12-23 16:20:10 +0000
31.760666852232532, 35.199957340518175, 708.1826022732275, 2019-12-23 16:20:15 +0000
31.75991248220621, 35.199888576365666, 704.3473559297596, 2019-12-23 16:20:20 +0000
31.759131254050406, 35.19935979367618, 703.5993763346204, 2019-12-23 16:20:25 +0000
31.75837045941275, 35.198490667115415, 703.2086645176662, 2019-12-23 16:20:30 +0000
31.75789764602192, 35.197919792624454, 699.5710848109875, 2019-12-23 16:20:35 +0000
31.75771396146014, 35.197685418934675, 699.0463179474051, 2019-12-23 16:20:40 +0000
31.757716154614812, 35.19768877041816, 698.7747816670217, 2019-12-23 16:20:45 +0000
31.757722691663258, 35.19769876005101, 698.4311869173571, 2019-12-23 16:20:50 +0000
31.757770731775704, 35.19776369356622, 697.8700516363167, 2019-12-23 16:20:55 +0000
31.757752436747346, 35.19773917470873, 697.78364572284, 2019-12-23 16:21:00 +0000
31.75775978664085, 35.197689657705254, 697.7612722068033, 2019-12-23 16:21:05 +0000
31.757763298689127, 35.197694364525326, 697.7348063415886, 2019-12-23 16:21:10 +0000
31.757806991477743, 35.19775204700792, 697.6638166762953, 2019-12-23 16:21:15 +0000
31.757800199730106, 35.19774371736593, 697.6842291133712, 2019-12-23 16:21:20 +0000
31.757737637935183, 35.19765737676001, 697.563107142813, 2019-12-23 16:21:25 +0000
31.757652493852994, 35.197527263277884, 697.3210330019058, 2019-12-23 16:21:30 +0000
31.757573408724067, 35.19740640883177, 697.8142630237913, 2019-12-23 16:21:35 +0000
31.75748501877614, 35.19731567379976, 698.5531486640994, 2019-12-23 16:21:40 +0000
31.757269371782723, 35.19688402661302, 698.3902155079119, 2019-12-23 16:21:45 +0000
31.75711362425075, 35.196502035304555, 698.9120319175207, 2019-12-23 16:21:50 +0000
31.757116774872543, 35.19647480676571, 698.5366378742101, 2019-12-23 16:21:55 +0000
31.75715023374293, 35.19650188726126, 698.2857790055236, 2019-12-23 16:22:00 +0000
31.757243407085046, 35.19655218147354, 698.3786090634633, 2019-12-23 16:22:05 +0000
31.757271019286033, 35.19660911893467, 698.4811714187658, 2019-12-23 16:22:10 +0000
31.757277162453033, 35.19666976279153, 698.8485491155319, 2019-12-23 16:22:15 +0000
31.75730071281726, 35.196728442467965, 698.8136544708275, 2019-12-23 16:22:20 +0000
31.757332226400425, 35.19678708505898, 698.5670649928527, 2019-12-23 16:22:25 +0000
31.757369254385758, 35.19686584191346, 698.2733506360887, 2019-12-23 16:22:30 +0000
31.75738634315787, 35.19693974188282, 698.1573137926953, 2019-12-23 16:22:35 +0000
31.757408266265898, 35.19699239917312, 698.2027736955591, 2019-12-23 16:22:40 +0000
31.757440214633164, 35.19704574026486, 698.2479995236934, 2019-12-23 16:22:45 +0000
31.757479346684754, 35.19710921658647, 698.4940743021235, 2019-12-23 16:22:50 +0000
31.75753364317547, 35.1971612323986, 698.6377198060842, 2019-12-23 16:22:55 +0000
31.757572501815797, 35.197205222305314, 698.6320936662454, 2019-12-23 16:23:00 +0000
31.757627950998828, 35.19725858564741, 698.4641724899889, 2019-12-23 16:23:05 +0000
31.75765616913431, 35.197338787631985, 698.2084019509136, 2019-12-23 16:23:10 +0000
31.75764174374307, 35.19743699867703, 698.2390213219194, 2019-12-23 16:23:15 +0000
31.75761708051283, 35.197513818183, 698.4210142843631, 2019-12-23 16:23:20 +0000
31.757584212275283, 35.19758569262433, 698.8386440864704, 2019-12-23 16:23:25 +0000
31.757542937757787, 35.197670898757174, 699.1624098100095, 2019-12-23 16:23:30 +0000
31.75750947178341, 35.1977403994157, 699.3193756898787, 2019-12-23 16:23:35 +0000
31.757499331875195, 35.19775664219052, 699.3351317199867, 2019-12-23 16:23:40 +0000
31.757499254109035, 35.197755708942445, 699.3431422620686, 2019-12-23 16:23:45 +0000
31.75749686174499, 35.19775856709277, 699.3483054165149, 2019-12-23 16:23:50 +0000
31.75746611803281, 35.19777696907125, 699.5119200244208, 2019-12-23 16:23:55 +0000
31.757404386792107, 35.19777391034955, 699.9560843772416, 2019-12-23 16:24:00 +0000
31.75733979962277, 35.19779153188137, 700.4625417858041, 2019-12-23 16:24:05 +0000
31.757273365956756, 35.19779440057171, 701.069310634558, 2019-12-23 16:24:10 +0000
31.757214934127273, 35.197809623784075, 701.5265157079837, 2019-12-23 16:24:15 +0000
31.7571611268814, 35.197847373638695, 702.174470715215, 2019-12-23 16:24:20 +0000
31.757101798419413, 35.19790595742303, 703.0675768633442, 2019-12-23 16:24:25 +0000
31.757023421844117, 35.19796950115437, 704.0908225845669, 2019-12-23 16:24:30 +0000
31.756959867564042, 35.19802898241369, 704.9804024520339, 2019-12-23 16:24:35 +0000
31.756891379791007, 35.19807436528127, 705.5219944557427, 2019-12-23 16:24:40 +0000
31.75683134731272, 35.19810639155913, 705.6326814036452, 2019-12-23 16:24:45 +0000
31.75676972118468, 35.19813767082599, 705.8164192243818, 2019-12-23 16:24:50 +0000
31.756706458840526, 35.1981856117246, 706.2319856247483, 2019-12-23 16:24:55 +0000
31.756641575933013, 35.198219572231565, 706.7193886805588, 2019-12-23 16:25:00 +0000
31.75656902496599, 35.198260691819, 707.1245911821528, 2019-12-23 16:25:05 +0000
31.756509997234893, 35.19831236306966, 707.437334291795, 2019-12-23 16:25:10 +0000
31.756447019886302, 35.19836563742503, 707.6795408664917, 2019-12-23 16:25:15 +0000
31.756380586749863, 35.19839418166804, 707.998408081038, 2019-12-23 16:25:20 +0000
31.756305376330065, 35.19841267378156, 708.1037638832355, 2019-12-23 16:25:25 +0000
31.756230495903946, 35.198468127063116, 708.4523357333023, 2019-12-23 16:25:30 +0000
31.756156851367265, 35.19851774776649, 708.8148189761009, 2019-12-23 16:25:35 +0000
31.75609505712938, 35.19859504856127, 709.3367199776422, 2019-12-23 16:25:40 +0000
31.75607157661892, 35.19861765203667, 709.3900171442842, 2019-12-23 16:25:45 +0000
31.75607276439747, 35.19861944912722, 709.3573954183447, 2019-12-23 16:25:50 +0000
31.756072146386547, 35.198619649443685, 709.3519879565073, 2019-12-23 16:25:55 +0000
31.756072989488505, 35.198618689115676, 709.353488145963, 2019-12-23 16:26:00 +0000
31.75607196824256, 35.19862066950863, 709.3511154052276, 2019-12-23 16:26:05 +0000
31.756071837388117, 35.19862286621456, 709.3485674487608, 2019-12-23 16:26:10 +0000
31.75606820227482, 35.19862416056509, 709.3278656215235, 2019-12-23 16:26:15 +0000
31.75605518287433, 35.19862941677984, 709.3257251239778, 2019-12-23 16:26:20 +0000
31.75600605934502, 35.19864840147724, 709.0146751874117, 2019-12-23 16:26:25 +0000
31.755944000584318, 35.19870156952838, 708.7998197526937, 2019-12-23 16:26:30 +0000
31.755914035584375, 35.19877990164312, 708.9625258872204, 2019-12-23 16:26:35 +0000
31.755960944999632, 35.19885376748189, 709.4248849691156, 2019-12-23 16:26:40 +0000
31.756010528565387, 35.1989359851494, 709.7736120005435, 2019-12-23 16:26:45 +0000
31.75606193351187, 35.1990037789617, 710.2115358882045, 2019-12-23 16:26:50 +0000
31.756102966107395, 35.19907903656736, 710.8676460132929, 2019-12-23 16:26:55 +0000
31.75614381427949, 35.19914270558762, 711.374555305107, 2019-12-23 16:27:00 +0000
31.75617458766117, 35.1992062891451, 711.7367091956111, 2019-12-23 16:27:05 +0000
31.756198460250836, 35.19928761148505, 711.9276159293325, 2019-12-23 16:27:10 +0000
31.756233085929463, 35.19937414477654, 712.2662961770229, 2019-12-23 16:27:15 +0000
31.756247782203108, 35.1994664164999, 712.6732782949045, 2019-12-23 16:27:20 +0000
31.756267538064336, 35.199574757769724, 713.152564450297, 2019-12-23 16:27:25 +0000
31.756296251243583, 35.19964829853317, 713.5316213488715, 2019-12-23 16:27:30 +0000
31.75627876090424, 35.19972641015636, 713.7176788314571, 2019-12-23 16:27:35 +0000
31.756273766742748, 35.19980437618549, 714.2417010997467, 2019-12-23 16:27:40 +0000
31.756266856655667, 35.19984530984374, 714.5927195839879, 2019-12-23 16:27:45 +0000
31.756257502337373, 35.199910840346334, 715.06034847137, 2019-12-23 16:27:50 +0000
31.75625267499858, 35.19998573877723, 715.5863031226345, 2019-12-23 16:27:55 +0000
31.756252646398824, 35.200095733041, 716.31764928306, 2019-12-23 16:28:00 +0000
31.75624347115853, 35.20018330728817, 716.9982839695684, 2019-12-23 16:28:05 +0000
31.75621770764076, 35.200268580832144, 717.6420552058469, 2019-12-23 16:28:10 +0000
31.756205854991194, 35.20035107980999, 718.2608756334275, 2019-12-23 16:28:15 +0000
31.756188128462487, 35.200431578497636, 718.8338059354013, 2019-12-23 16:28:20 +0000
31.75615922494507, 35.20050765589822, 719.4516659933175, 2019-12-23 16:28:25 +0000
31.756131797428942, 35.20057518714506, 719.9374322414982, 2019-12-23 16:28:30 +0000
31.756101320952077, 35.200652920310695, 720.4488610225005, 2019-12-23 16:28:35 +0000
31.756057800133178, 35.200721425273855, 720.746580868844, 2019-12-23 16:28:40 +0000
31.756015384350317, 35.200775452281356, 720.8619525685767, 2019-12-23 16:28:45 +0000
31.75594564554305, 35.200796869817374, 720.5801689682653, 2019-12-23 16:28:50 +0000
31.755897226194413, 35.20081171048944, 720.3614705998923, 2019-12-23 16:28:55 +0000
31.755803730301498, 35.20078017196057, 719.501651517767, 2019-12-23 16:29:00 +0000
31.755727219045653, 35.20077037760854, 718.774022917745, 2019-12-23 16:29:05 +0000
31.75566264267826, 35.200761436916814, 718.3022486272989, 2019-12-23 16:29:10 +0000
31.755572312349152, 35.20074111179956, 717.486732612559, 2019-12-23 16:29:15 +0000
31.755507540913236, 35.20073111604967, 716.9011070147719, 2019-12-23 16:29:20 +0000
31.755426850614395, 35.20072579387962, 716.2661664130325, 2019-12-23 16:29:25 +0000
31.755349186933664, 35.2007182359299, 715.5982369178744, 2019-12-23 16:29:30 +0000
31.755320023256218, 35.20077366676826, 715.6231898412407, 2019-12-23 16:29:35 +0000
31.755306048051523, 35.20082278090368, 715.8975482078353, 2019-12-23 16:29:40 +0000
31.755299700376955, 35.200851695724666, 716.1248135802032, 2019-12-23 16:29:45 +0000
31.755305158174608, 35.20090692748566, 716.8183283430913, 2019-12-23 16:29:50 +0000
31.75532367541427, 35.20096854980479, 717.8385561180827, 2019-12-23 16:29:55 +0000
31.755333447678108, 35.20101030849854, 718.5462553596669, 2019-12-23 16:30:00 +0000
31.755389563587823, 35.2010386971366, 719.0003552174211, 2019-12-23 16:30:05 +0000
31.7554040084015, 35.201027301823274, 718.9995728846404, 2019-12-23 16:30:10 +0000
31.75540679349473, 35.20099260047823, 718.6290500508894, 2019-12-23 16:30:15 +0000
31.75542637562711, 35.20096325840558, 718.3936065753948, 2019-12-23 16:30:20 +0000
31.755454345527802, 35.20091927366679, 718.0268652851715, 2019-12-23 16:30:25 +0000
31.75545334282161, 35.20090488988935, 717.8120584024267, 2019-12-23 16:30:30 +0000
31.755451759036827, 35.2009205382161, 717.8854143073363, 2019-12-23 16:30:35 +0000
31.7554380670311, 35.200942783321956, 718.0909877410907, 2019-12-23 16:30:40 +0000
31.755435439356745, 35.200933394216634, 718.0426477777821, 2019-12-23 16:30:45 +0000
31.755434739672648, 35.200921312993835, 717.9647481470436, 2019-12-23 16:30:50 +0000
31.75543063143438, 35.20091484384616, 717.8281773118949, 2019-12-23 16:30:55 +0000
31.755430986765735, 35.20091272986403, 717.8067075569044, 2019-12-23 16:31:00 +0000
31.75542775842885, 35.200918240674, 717.8266658694284, 2019-12-23 16:31:05 +0000
31.755423536879064, 35.20093557016535, 717.8778176821709, 2019-12-23 16:31:10 +0000
31.755431189449986, 35.20095324166733, 718.2361559622436, 2019-12-23 16:31:15 +0000
31.755431451999282, 35.200936568044675, 718.0008098477504, 2019-12-23 16:31:20 +0000
31.75542223087283, 35.2009314298333, 718.0118821415061, 2019-12-23 16:31:25 +0000
31.755426705985073, 35.20090401740887, 717.7429997375806, 2019-12-23 16:31:30 +0000
31.75542959276248, 35.200902493311425, 717.6809458115739, 2019-12-23 16:31:35 +0000
31.755429700312675, 35.200901536677335, 717.6754329272408, 2019-12-23 16:31:41 +0000
31.755431202031215, 35.200902567760245, 717.6869687418629, 2019-12-23 16:31:46 +0000
31.755461051679454, 35.20089706241716, 717.8040034037299, 2019-12-23 16:31:50 +0000
31.755482009322733, 35.200870688765214, 717.7090201648967, 2019-12-23 16:31:55 +0000
31.755483352700722, 35.20086831662488, 717.6635544329599, 2019-12-23 16:32:00 +0000
31.755488647288658, 35.20086494208768, 717.6672383423162, 2019-12-23 16:32:05 +0000
31.75549024376725, 35.20086466015679, 717.6681682839404, 2019-12-23 16:32:10 +0000
31.75549110273568, 35.20086563271555, 717.6832362619898, 2019-12-23 16:32:15 +0000
31.75549110867925, 35.200866486086426, 717.6918402346911, 2019-12-23 16:32:20 +0000
31.755490260539215, 35.200868007480345, 717.7009352316195, 2019-12-23 16:32:25 +0000
31.755489385766055, 35.20087034029119, 717.7150560391221, 2019-12-23 16:32:30 +0000
31.755488757150193, 35.200870690769555, 717.7180964104328, 2019-12-23 16:32:35 +0000
31.755471656718214, 35.20088980345865, 717.7721691538493, 2019-12-23 16:32:40 +0000
31.75545890244541, 35.200889256966605, 717.7528769058804, 2019-12-23 16:32:45 +0000
31.755457927694728, 35.20088152972645, 717.6459996585145, 2019-12-23 16:32:50 +0000
31.75545930991419, 35.20087429299512, 717.5697134109091, 2019-12-23 16:32:55 +0000
